This is LuaHBTeX, Version 1.17.0 (TeX Live 2023/Debian)  (format=lualatex 2026.6.4)  5 JUN 2026 16:02
 restricted system commands enabled.
**main.tex
(./main.tex
LaTeX2e <2023-11-01> patch level 1
L3 programming layer <2024-01-22>
Lua module: luaotfload 2023-08-31 3.26 Lua based OpenType font support
Lua module: lualibs 2023-07-13 2.76 ConTeXt Lua standard libraries.
Lua module: lualibs-extended 2023-07-13 2.76 ConTeXt Lua libraries -- extended c
ollection.
luaotfload | conf : Root cache directory is "/home/aavi/.texlive2023/texmf-var/l
uatex-cache/generic/names".
luaotfload | init : Loading fontloader "fontloader-2023-08-19.lua" from kpse-res
olved path "/usr/share/texlive/texmf-dist/tex/luatex/luaotfload/fontloader-2023-
08-19.lua".
Lua-only attribute luaotfload@noligature = 1
luaotfload | init : Context OpenType loader version 3.133
Inserting `luaotfload.node_processor' in `pre_linebreak_filter'.
Inserting `luaotfload.node_processor' in `hpack_filter'.
Inserting `luaotfload.glyph_stream' in `glyph_stream_provider'.
Inserting `luaotfload.define_font' in `define_font'.
Lua-only attribute luaotfload_color_attribute = 2
luaotfload | conf : Root cache directory is "/home/aavi/.texlive2023/texmf-var/l
uatex-cache/generic/names".
Inserting `luaotfload.harf.strip_prefix' in `find_opentype_file'.
Inserting `luaotfload.harf.strip_prefix' in `find_truetype_file'.
Removing  `luaotfload.glyph_stream' from `glyph_stream_provider'.
Inserting `luaotfload.harf.glyphstream' in `glyph_stream_provider'.
Inserting `luaotfload.harf.finalize_vlist' in `post_linebreak_filter'.
Inserting `luaotfload.harf.finalize_hlist' in `hpack_filter'.
Inserting `luaotfload.cleanup_files' in `wrapup_run'.
Inserting `luaotfload.harf.finalize_unicode' in `finish_pdffile'.
Inserting `luaotfload.glyphinfo' in `glyph_info'.
Lua-only attribute luaotfload.letterspace_done = 3
Inserting `luaotfload.aux.set_sscale_dimens' in `luaotfload.patch_font'.
Inserting `luaotfload.aux.set_font_index' in `luaotfload.patch_font'.
Inserting `luaotfload.aux.patch_cambria_domh' in `luaotfload.patch_font'.
Inserting `luaotfload.aux.fixup_fontdata' in `luaotfload.patch_font_unsafe'.
Inserting `luaotfload.aux.set_capheight' in `luaotfload.patch_font'.
Inserting `luaotfload.aux.set_xheight' in `luaotfload.patch_font'.
Inserting `luaotfload.rewrite_fontname' in `luaotfload.patch_font'.
Inserting `tracingstacklevels' in `input_level_string'. (/usr/share/texlive/tex
mf-dist/tex/latex/base/report.cls
Document Class: report 2023/05/17 v1.4n Standard LaTeX document class
(/usr/share/texlive/texmf-dist/tex/latex/base/size12.clo
File: size12.clo 2023/05/17 v1.4n Standard LaTeX file (size option)
luaotfload | db : Font names database loaded from /home/aavi/.texlive2023/texmf-
var/luatex-cache/generic/names/luaotfload-names.luc.gz)
\c@part=\count185
\c@chapter=\count186
\c@section=\count187
\c@subsection=\count188
\c@subsubsection=\count189
\c@paragraph=\count190
\c@subparagraph=\count191
\c@figure=\count192
\c@table=\count193
\abovecaptionskip=\skip48
\belowcaptionskip=\skip49
\bibindent=\dimen139
)
(/usr/share/texlive/texmf-dist/tex/latex/fontspec/fontspec.sty
(/usr/share/texlive/texmf-dist/tex/latex/l3packages/xparse/xparse.sty
(/usr/share/texlive/texmf-dist/tex/latex/l3kernel/expl3.sty
Package: expl3 2024-01-22 L3 programming layer (loader) 

(/usr/share/texlive/texmf-dist/tex/latex/l3backend/l3backend-luatex.def
File: l3backend-luatex.def 2024-01-04 L3 backend support: PDF output (LuaTeX)
\l__color_backend_stack_int=\count194
Inserting `l3color' in `luaotfload.parse_color'.
\l__pdf_internal_box=\box51
))
Package: xparse 2023-10-10 L3 Experimental document command parser
)
Package: fontspec 2022/01/15 v2.8a Font selection for XeLaTeX and LuaLaTeX
Lua module: fontspec 2022/01/15 2.8a Font selection for XeLaTeX and LuaLaTeX
(/usr/share/texlive/texmf-dist/tex/latex/fontspec/fontspec-luatex.sty
Package: fontspec-luatex 2022/01/15 v2.8a Font selection for XeLaTeX and LuaLaT
eX
\l__fontspec_script_int=\count195
\l__fontspec_language_int=\count196
\l__fontspec_strnum_int=\count197
\l__fontspec_tmp_int=\count198
\l__fontspec_tmpa_int=\count199
\l__fontspec_tmpb_int=\count266
\l__fontspec_tmpc_int=\count267
\l__fontspec_em_int=\count268
\l__fontspec_emdef_int=\count269
\l__fontspec_strong_int=\count270
\l__fontspec_strongdef_int=\count271
\l__fontspec_tmpa_dim=\dimen140
\l__fontspec_tmpb_dim=\dimen141
\l__fontspec_tmpc_dim=\dimen142

(/usr/share/texlive/texmf-dist/tex/latex/base/fontenc.sty
Package: fontenc 2021/04/29 v2.0v Standard LaTeX package
)
(/usr/share/texlive/texmf-dist/tex/latex/fontspec/fontspec.cfg)))
(/usr/share/texlive/texmf-dist/tex/latex/polyglossia/polyglossia.sty
Package: polyglossia 2023/12/11 v1.66 Modern multilingual typesetting with XeLa
TeX and LuaLaTeX

(/usr/share/texlive/texmf-dist/tex/latex/etoolbox/etoolbox.sty
Package: etoolbox 2020/10/05 v2.5k e-TeX tools for LaTeX (JAW)
\etb@tempcnta=\count272
)
(/usr/share/texlive/texmf-dist/tex/latex/xkeyval/xkeyval.sty
Package: xkeyval 2022/06/16 v2.9 package option processing (HA)

(/usr/share/texlive/texmf-dist/tex/generic/xkeyval/xkeyval.tex
(/usr/share/texlive/texmf-dist/tex/generic/xkeyval/xkvutils.tex
\XKV@toks=\toks17
\XKV@tempa@toks=\toks18

(/usr/share/texlive/texmf-dist/tex/generic/xkeyval/keyval.tex))
\XKV@depth=\count273
File: xkeyval.tex 2014/12/03 v2.7a key=value parser (HA)
))
(/usr/share/texlive/texmf-dist/tex/generic/iftex/iftex.sty
Package: iftex 2022/02/03 v1.0f TeX engine tests
)
(/usr/share/texlive/texmf-dist/tex/luatex/luatexbase/luatexbase.sty
Package: luatexbase 2015/10/04 v1.3 luatexbase interface to LuaTeX 

(/usr/share/texlive/texmf-dist/tex/luatex/ctablestack/ctablestack.sty
Package: ctablestack 2015/10/01 v1.0 Catcode table stable support
\@catcodetablestackcnt=\count274
)
\CatcodeTableOther=\catcodetable14
\CatcodeTableExpl=\catcodetable15
)
Lua module: polyglossia 2013/05/11 1.3 Polyglossia
(/usr/share/texlive/texmf-dist/tex/latex/polyglossia/gloss-latex.lde
Package: gloss-latex 2023/12/11 v1.66 polyglossia: module for default language
)
Package polyglossia Info: Default language is latex.
Package polyglossia Info: Setting LuaTeX font renderer to Harfbuzz.
)
(/usr/share/texlive/texmf-dist/tex/latex/biblatex/biblatex.sty
Package: biblatex 2023/03/05 v3.19 programmable bibliographies (PK/MW)

(/usr/share/texlive/texmf-dist/tex/generic/pdftexcmds/pdftexcmds.sty
Package: pdftexcmds 2020-06-27 v0.33 Utility functions of pdfTeX for LuaTeX (HO
)

(/usr/share/texlive/texmf-dist/tex/generic/infwarerr/infwarerr.sty
Package: infwarerr 2019/12/03 v1.5 Providing info/warning/error messages (HO)
)
(/usr/share/texlive/texmf-dist/tex/generic/ltxcmds/ltxcmds.sty
Package: ltxcmds 2023-12-04 v1.26 LaTeX kernel commands for general use (HO)
)
Package pdftexcmds Info: \pdf@primitive is available.
Package pdftexcmds Info: \pdf@ifprimitive is available.
Package pdftexcmds Info: \pdfdraftmode found.
\pdftexcmds@toks=\toks19
)
(/usr/share/texlive/texmf-dist/tex/latex/kvoptions/kvoptions.sty
Package: kvoptions 2022-06-15 v3.15 Key value format for package options (HO)

(/usr/share/texlive/texmf-dist/tex/latex/kvsetkeys/kvsetkeys.sty
Package: kvsetkeys 2022-10-05 v1.19 Key value parser (HO)
))
(/usr/share/texlive/texmf-dist/tex/latex/logreq/logreq.sty
Package: logreq 2010/08/04 v1.0 xml request logger
\lrq@indent=\count275

(/usr/share/texlive/texmf-dist/tex/latex/logreq/logreq.def
File: logreq.def 2010/08/04 v1.0 logreq spec v1.0
))
(/usr/share/texlive/texmf-dist/tex/latex/base/ifthen.sty
Package: ifthen 2022/04/13 v1.1d Standard LaTeX ifthen package (DPC)
)
(/usr/share/texlive/texmf-dist/tex/latex/url/url.sty
\Urlmuskip=\muskip16
Package: url 2013/09/16  ver 3.4  Verb mode for urls, etc.
)
\c@tabx@nest=\count276
\c@listtotal=\count277
\c@listcount=\count278
\c@liststart=\count279
\c@liststop=\count280
\c@citecount=\count281
\c@citetotal=\count282
\c@multicitecount=\count283
\c@multicitetotal=\count284
\c@instcount=\count285
\c@maxnames=\count286
\c@minnames=\count287
\c@maxitems=\count288
\c@minitems=\count289
\c@citecounter=\count290
\c@maxcitecounter=\count291
\c@savedcitecounter=\count292
\c@uniquelist=\count293
\c@uniquename=\count294
\c@refsection=\count295
\c@refsegment=\count296
\c@maxextratitle=\count297
\c@maxextratitleyear=\count298
\c@maxextraname=\count299
\c@maxextradate=\count300
\c@maxextraalpha=\count301
\c@abbrvpenalty=\count302
\c@highnamepenalty=\count303
\c@lownamepenalty=\count304
\c@maxparens=\count305
\c@parenlevel=\count306
\blx@tempcnta=\count307
\blx@tempcntb=\count308
\blx@tempcntc=\count309
\c@blx@maxsection=\count310
\blx@maxsegment@0=\count311
\blx@notetype=\count312
\blx@parenlevel@text=\count313
\blx@parenlevel@foot=\count314
\blx@sectionciteorder@0=\count315
\blx@sectionciteorderinternal@0=\count316
\blx@entrysetcounter=\count317
\blx@biblioinstance=\count318
\labelnumberwidth=\skip50
\labelalphawidth=\skip51
\biblabelsep=\skip52
\bibitemsep=\skip53
\bibnamesep=\skip54
\bibinitsep=\skip55
\bibparsep=\skip56
\bibhang=\skip57
\blx@bcfin=\read2
\blx@bcfout=\write3
\blx@langwohyphens=\language2
\c@mincomprange=\count319
\c@maxcomprange=\count320
\c@mincompwidth=\count321
Package biblatex Info: Trying to load biblatex default data model...
Package biblatex Info: ... file 'blx-dm.def' found.

(/usr/share/texlive/texmf-dist/tex/latex/biblatex/blx-dm.def
File: blx-dm.def 2023/03/05 v3.19 biblatex localization (PK/MW)
)
Package biblatex Info: Trying to load biblatex style data model...
Package biblatex Info: ... file 'numeric.dbx' not found.
Package biblatex Info: Trying to load biblatex custom data model...
Package biblatex Info: ... file 'biblatex-dm.cfg' not found.
\c@afterword=\count322
\c@savedafterword=\count323
\c@annotator=\count324
\c@savedannotator=\count325
\c@author=\count326
\c@savedauthor=\count327
\c@bookauthor=\count328
\c@savedbookauthor=\count329
\c@commentator=\count330
\c@savedcommentator=\count331
\c@editor=\count332
\c@savededitor=\count333
\c@editora=\count334
\c@savededitora=\count335
\c@editorb=\count336
\c@savededitorb=\count337
\c@editorc=\count338
\c@savededitorc=\count339
\c@foreword=\count340
\c@savedforeword=\count341
\c@holder=\count342
\c@savedholder=\count343
\c@introduction=\count344
\c@savedintroduction=\count345
\c@namea=\count346
\c@savednamea=\count347
\c@nameb=\count348
\c@savednameb=\count349
\c@namec=\count350
\c@savednamec=\count351
\c@translator=\count352
\c@savedtranslator=\count353
\c@shortauthor=\count354
\c@savedshortauthor=\count355
\c@shorteditor=\count356
\c@savedshorteditor=\count357
\c@labelname=\count358
\c@savedlabelname=\count359
\c@institution=\count360
\c@savedinstitution=\count361
\c@lista=\count362
\c@savedlista=\count363
\c@listb=\count364
\c@savedlistb=\count365
\c@listc=\count366
\c@savedlistc=\count367
\c@listd=\count368
\c@savedlistd=\count369
\c@liste=\count370
\c@savedliste=\count371
\c@listf=\count372
\c@savedlistf=\count373
\c@location=\count374
\c@savedlocation=\count375
\c@organization=\count376
\c@savedorganization=\count377
\c@origlocation=\count378
\c@savedoriglocation=\count379
\c@origpublisher=\count380
\c@savedorigpublisher=\count381
\c@publisher=\count382
\c@savedpublisher=\count383
\c@language=\count384
\c@savedlanguage=\count385
\c@origlanguage=\count386
\c@savedoriglanguage=\count387
\c@pageref=\count388
\c@savedpageref=\count389
\shorthandwidth=\skip58
\shortjournalwidth=\skip59
\shortserieswidth=\skip60
\shorttitlewidth=\skip61
\shortauthorwidth=\skip62
\shorteditorwidth=\skip63
\locallabelnumberwidth=\skip64
\locallabelalphawidth=\skip65
\localshorthandwidth=\skip66
\localshortjournalwidth=\skip67
\localshortserieswidth=\skip68
\localshorttitlewidth=\skip69
\localshortauthorwidth=\skip70
\localshorteditorwidth=\skip71
Package biblatex Info: Trying to load enhanced support for Unicode engines...
Package biblatex Info: ... file 'blx-unicode.def' found.

(/usr/share/texlive/texmf-dist/tex/latex/biblatex/blx-unicode.def)
Package biblatex Info: Trying to load compatibility code...
Package biblatex Info: ... file 'blx-compat.def' found.

(/usr/share/texlive/texmf-dist/tex/latex/biblatex/blx-compat.def
File: blx-compat.def 2023/03/05 v3.19 biblatex compatibility (PK/MW)
)
Package biblatex Info: Trying to load generic definitions...
Package biblatex Info: ... file 'biblatex.def' found.

(/usr/share/texlive/texmf-dist/tex/latex/biblatex/biblatex.def
File: biblatex.def 2023/03/05 v3.19 biblatex compatibility (PK/MW)
\c@textcitecount=\count390
\c@textcitetotal=\count391
\c@textcitemaxnames=\count392
\c@biburlbigbreakpenalty=\count393
\c@biburlbreakpenalty=\count394
\c@biburlnumpenalty=\count395
\c@biburlucpenalty=\count396
\c@biburllcpenalty=\count397
\biburlbigskip=\muskip17
\biburlnumskip=\muskip18
\biburlucskip=\muskip19
\biburllcskip=\muskip20
\c@smartand=\count398
)
Package biblatex Info: Trying to load bibliography style 'numeric'...
Package biblatex Info: ... file 'numeric.bbx' found.

(/usr/share/texlive/texmf-dist/tex/latex/biblatex/bbx/numeric.bbx
File: numeric.bbx 2023/03/05 v3.19 biblatex bibliography style (PK/MW)
Package biblatex Info: Trying to load bibliography style 'standard'...
Package biblatex Info: ... file 'standard.bbx' found.

(/usr/share/texlive/texmf-dist/tex/latex/biblatex/bbx/standard.bbx
File: standard.bbx 2023/03/05 v3.19 biblatex bibliography style (PK/MW)
\c@bbx:relatedcount=\count399
\c@bbx:relatedtotal=\count400
))
Package biblatex Info: Trying to load citation style 'numeric'...
Package biblatex Info: ... file 'numeric.cbx' found.

(/usr/share/texlive/texmf-dist/tex/latex/biblatex/cbx/numeric.cbx
File: numeric.cbx 2023/03/05 v3.19 biblatex citation style (PK/MW)
Package biblatex Info: Redefining '\cite'.
Package biblatex Info: Redefining '\parencite'.
Package biblatex Info: Redefining '\footcite'.
Package biblatex Info: Redefining '\footcitetext'.
Package biblatex Info: Redefining '\smartcite'.
Package biblatex Info: Redefining '\supercite'.
Package biblatex Info: Redefining '\textcite'.
Package biblatex Info: Redefining '\textcites'.
Package biblatex Info: Redefining '\cites'.
Package biblatex Info: Redefining '\parencites'.
Package biblatex Info: Redefining '\smartcites'.
)
Package biblatex Info: Trying to load configuration file...
Package biblatex Info: ... file 'biblatex.cfg' found.

(/usr/share/texlive/texmf-dist/tex/latex/biblatex/biblatex.cfg
File: biblatex.cfg 
)
Package biblatex Info: LuaTeX detected.
(biblatex)             Assuming input encoding 'utf8'.
Package biblatex Info: Document encoding is UTF8 ....
Package biblatex Info: ... and expl3
(biblatex)             2024-01-22 L3 programming layer (loader) 
(biblatex)             is new enough (at least 2020/04/06),
(biblatex)             setting 'casechanger=expl3'.

(/usr/share/texlive/texmf-dist/tex/latex/biblatex/blx-case-expl3.sty
Package: blx-case-expl3 2023/03/05 v3.19 expl3 case changing code for biblatex
))
(/usr/share/texlive/texmf-dist/tex/latex/geometry/geometry.sty
Package: geometry 2020/01/02 v5.9 Page Geometry

(/usr/share/texlive/texmf-dist/tex/generic/iftex/ifvtex.sty
Package: ifvtex 2019/10/25 v1.7 ifvtex legacy package. Use iftex instead.
)
\Gm@cnth=\count401
\Gm@cntv=\count402
\c@Gm@tempcnt=\count403
\Gm@bindingoffset=\dimen143
\Gm@wd@mp=\dimen144
\Gm@odd@mp=\dimen145
\Gm@even@mp=\dimen146
\Gm@layoutwidth=\dimen147
\Gm@layoutheight=\dimen148
\Gm@layouthoffset=\dimen149
\Gm@layoutvoffset=\dimen150
\Gm@dimlist=\toks20
)
(/usr/share/texlive/texmf-dist/tex/latex/graphics/graphicx.sty
Package: graphicx 2021/09/16 v1.2d Enhanced LaTeX Graphics (DPC,SPQR)

(/usr/share/texlive/texmf-dist/tex/latex/graphics/graphics.sty
Package: graphics 2022/03/10 v1.4e Standard LaTeX Graphics (DPC,SPQR)

(/usr/share/texlive/texmf-dist/tex/latex/graphics/trig.sty
Package: trig 2021/08/11 v1.11 sin cos tan (DPC)
)
(/usr/share/texlive/texmf-dist/tex/latex/graphics-cfg/graphics.cfg
File: graphics.cfg 2016/06/04 v1.11 sample graphics configuration
)
Package graphics Info: Driver file: luatex.def on input line 107.

(/usr/share/texlive/texmf-dist/tex/latex/graphics-def/luatex.def
File: luatex.def 2022/09/22 v1.2d Graphics/color driver for luatex
))
\Gin@req@height=\dimen151
\Gin@req@width=\dimen152
)
(/usr/share/texlive/texmf-dist/tex/latex/amsmath/amsmath.sty
Package: amsmath 2023/05/13 v2.17o AMS math features
\@mathmargin=\skip72

For additional information on amsmath, use the `?' option.
(/usr/share/texlive/texmf-dist/tex/latex/amsmath/amstext.sty
Package: amstext 2021/08/26 v2.01 AMS text

(/usr/share/texlive/texmf-dist/tex/latex/amsmath/amsgen.sty
File: amsgen.sty 1999/11/30 v2.0 generic functions
\@emptytoks=\toks21
\ex@=\dimen153
))
(/usr/share/texlive/texmf-dist/tex/latex/amsmath/amsbsy.sty
Package: amsbsy 1999/11/29 v1.2d Bold Symbols
\pmbraise@=\dimen154
)
(/usr/share/texlive/texmf-dist/tex/latex/amsmath/amsopn.sty
Package: amsopn 2022/04/08 v2.04 operator names
)
\inf@bad=\count404
LaTeX Info: Redefining \frac on input line 236.
\uproot@=\count405
\leftroot@=\count406
LaTeX Info: Redefining \overline on input line 399.
LaTeX Info: Redefining \colon on input line 410.
\classnum@=\count407
\DOTSCASE@=\count408
LaTeX Info: Redefining \ldots on input line 496.
LaTeX Info: Redefining \dots on input line 499.
LaTeX Info: Redefining \cdots on input line 620.
\Mathstrutbox@=\box52
\strutbox@=\box53
LaTeX Info: Redefining \big on input line 722.
LaTeX Info: Redefining \Big on input line 723.
LaTeX Info: Redefining \bigg on input line 724.
LaTeX Info: Redefining \Bigg on input line 725.
\big@size=\dimen155
LaTeX Font Info:    Redeclaring font encoding OML on input line 743.
LaTeX Font Info:    Redeclaring font encoding OMS on input line 744.
\macc@depth=\count409
LaTeX Info: Redefining \bmod on input line 905.
LaTeX Info: Redefining \pmod on input line 910.
LaTeX Info: Redefining \smash on input line 940.
LaTeX Info: Redefining \relbar on input line 970.
LaTeX Info: Redefining \Relbar on input line 971.
\c@MaxMatrixCols=\count410
\dotsspace@=\muskip21
\c@parentequation=\count411
\dspbrk@lvl=\count412
\tag@help=\toks22
\row@=\count413
\column@=\count414
\maxfields@=\count415
\andhelp@=\toks23
\eqnshift@=\dimen156
\alignsep@=\dimen157
\tagshift@=\dimen158
\tagwidth@=\dimen159
\totwidth@=\dimen160
\lineht@=\dimen161
\@envbody=\toks24
\multlinegap=\skip73
\multlinetaggap=\skip74
\mathdisplay@stack=\toks25
LaTeX Info: Redefining \[ on input line 2953.
LaTeX Info: Redefining \] on input line 2954.
)
(/usr/share/texlive/texmf-dist/tex/latex/hyperref/hyperref.sty
Package: hyperref 2024-01-20 v7.01h Hypertext links for LaTeX

(/usr/share/texlive/texmf-dist/tex/generic/kvdefinekeys/kvdefinekeys.sty
Package: kvdefinekeys 2019-12-19 v1.6 Define keys (HO)
)
(/usr/share/texlive/texmf-dist/tex/generic/pdfescape/pdfescape.sty
Package: pdfescape 2019/12/09 v1.15 Implements pdfTeX's escape features (HO)
)
(/usr/share/texlive/texmf-dist/tex/latex/hycolor/hycolor.sty
Package: hycolor 2020-01-27 v1.10 Color options for hyperref/bookmark (HO)
)
(/usr/share/texlive/texmf-dist/tex/latex/auxhook/auxhook.sty
Package: auxhook 2019-12-17 v1.6 Hooks for auxiliary files (HO)
)
(/usr/share/texlive/texmf-dist/tex/latex/hyperref/nameref.sty
Package: nameref 2023-11-26 v2.56 Cross-referencing by name of section

(/usr/share/texlive/texmf-dist/tex/latex/refcount/refcount.sty
Package: refcount 2019/12/15 v3.6 Data extraction from label references (HO)
)
(/usr/share/texlive/texmf-dist/tex/generic/gettitlestring/gettitlestring.sty
Package: gettitlestring 2019/12/15 v1.6 Cleanup title references (HO)
)
\c@section@level=\count416
)
\@linkdim=\dimen162
\Hy@linkcounter=\count417
\Hy@pagecounter=\count418

(/usr/share/texlive/texmf-dist/tex/latex/hyperref/pd1enc.def
File: pd1enc.def 2024-01-20 v7.01h Hyperref: PDFDocEncoding definition (HO)
)
(/usr/share/texlive/texmf-dist/tex/generic/intcalc/intcalc.sty
Package: intcalc 2019/12/15 v1.3 Expandable calculations with integers (HO)
)
\Hy@SavedSpaceFactor=\count419

(/usr/share/texlive/texmf-dist/tex/latex/hyperref/puenc.def
File: puenc.def 2024-01-20 v7.01h Hyperref: PDF Unicode definition (HO)
)
Package hyperref Info: Hyper figures OFF on input line 4179.
Package hyperref Info: Link nesting OFF on input line 4184.
Package hyperref Info: Hyper index ON on input line 4187.
Package hyperref Info: Plain pages OFF on input line 4194.
Package hyperref Info: Backreferencing OFF on input line 4199.
Package hyperref Info: Implicit mode ON; LaTeX internals redefined.
Package hyperref Info: Bookmarks ON on input line 4446.
\c@Hy@tempcnt=\count420
LaTeX Info: Redefining \url on input line 4784.
\XeTeXLinkMargin=\dimen163

(/usr/share/texlive/texmf-dist/tex/generic/bitset/bitset.sty
Package: bitset 2019/12/09 v1.3 Handle bit-vector datatype (HO)

(/usr/share/texlive/texmf-dist/tex/generic/bigintcalc/bigintcalc.sty
Package: bigintcalc 2019/12/15 v1.5 Expandable calculations on big integers (HO
)
))
\Fld@menulength=\count421
\Field@Width=\dimen164
\Fld@charsize=\dimen165
Package hyperref Info: Hyper figures OFF on input line 6063.
Package hyperref Info: Link nesting OFF on input line 6068.
Package hyperref Info: Hyper index ON on input line 6071.
Package hyperref Info: backreferencing OFF on input line 6078.
Package hyperref Info: Link coloring OFF on input line 6083.
Package hyperref Info: Link coloring with OCG OFF on input line 6088.
Package hyperref Info: PDF/A mode OFF on input line 6093.

(/usr/share/texlive/texmf-dist/tex/latex/base/atbegshi-ltx.sty
Package: atbegshi-ltx 2021/01/10 v1.0c Emulation of the original atbegshi
package with kernel methods
)
\Hy@abspage=\count422
\c@Item=\count423
\c@Hfootnote=\count424
)
Package hyperref Info: Driver (autodetected): hluatex.

(/usr/share/texlive/texmf-dist/tex/latex/hyperref/hluatex.def
File: hluatex.def 2024-01-20 v7.01h Hyperref driver for luaTeX

(/usr/share/texlive/texmf-dist/tex/generic/stringenc/stringenc.sty
Package: stringenc 2019/11/29 v1.12 Convert strings between diff. encodings (HO
)
)
(/usr/share/texlive/texmf-dist/tex/latex/base/atveryend-ltx.sty
Package: atveryend-ltx 2020/08/19 v1.0a Emulation of the original atveryend pac
kage
with kernel methods
)
\Fld@listcount=\count425
\c@bookmark@seq@number=\count426

(/usr/share/texlive/texmf-dist/tex/latex/rerunfilecheck/rerunfilecheck.sty
Package: rerunfilecheck 2022-07-10 v1.10 Rerun checks for auxiliary files (HO)

(/usr/share/texlive/texmf-dist/tex/generic/uniquecounter/uniquecounter.sty
Package: uniquecounter 2019/12/15 v1.4 Provide unlimited unique counter (HO)
)
Package uniquecounter Info: New unique counter `rerunfilecheck' on input line 2
85.
)
\Hy@SectionHShift=\skip75
)
(/usr/share/texlive/texmf-dist/tex/latex/float/float.sty
Package: float 2001/11/08 v1.3d Float enhancements (AL)
\c@float@type=\count427
\float@exts=\toks26
\float@box=\box54
\@float@everytoks=\toks27
\@floatcapt=\box55
)
(/usr/share/texlive/texmf-dist/tex/latex/booktabs/booktabs.sty
Package: booktabs 2020/01/12 v1.61803398 Publication quality tables
\heavyrulewidth=\dimen166
\lightrulewidth=\dimen167
\cmidrulewidth=\dimen168
\belowrulesep=\dimen169
\belowbottomsep=\dimen170
\aboverulesep=\dimen171
\abovetopsep=\dimen172
\cmidrulesep=\dimen173
\cmidrulekern=\dimen174
\defaultaddspace=\dimen175
\@cmidla=\count428
\@cmidlb=\count429
\@aboverulesep=\dimen176
\@belowrulesep=\dimen177
\@thisruleclass=\count430
\@lastruleclass=\count431
\@thisrulewidth=\dimen178
)
(/usr/share/texlive/texmf-dist/tex/latex/xcolor/xcolor.sty
Package: xcolor 2023/11/15 v3.01 LaTeX color extensions (UK)

(/usr/share/texlive/texmf-dist/tex/latex/graphics-cfg/color.cfg
File: color.cfg 2016/01/02 v1.6 sample color configuration
)
Package xcolor Info: Driver file: luatex.def on input line 274.

(/usr/share/texlive/texmf-dist/tex/latex/graphics/mathcolor.ltx)
Package xcolor Info: Model `cmy' substituted by `cmy0' on input line 1350.
Package xcolor Info: Model `hsb' substituted by `rgb' on input line 1354.
Package xcolor Info: Model `RGB' extended on input line 1366.
Package xcolor Info: Model `HTML' substituted by `rgb' on input line 1368.
Package xcolor Info: Model `Hsb' substituted by `hsb' on input line 1369.
Package xcolor Info: Model `tHsb' substituted by `hsb' on input line 1370.
Package xcolor Info: Model `HSB' substituted by `hsb' on input line 1371.
Package xcolor Info: Model `Gray' substituted by `gray' on input line 1372.
Package xcolor Info: Model `wave' substituted by `hsb' on input line 1373.
)
(/usr/share/texlive/texmf-dist/tex/latex/polyglossia/gloss-hebrew.ldf
File: gloss-hebrew.ldf polyglossia: module for Hebrew

(/usr/share/texlive/texmf-dist/tex/lualatex/luabidi/luabidi.sty
Package: luabidi 2023/10/01 v0.6 Bidirectional typesetting in LuaTeX

(/usr/share/texlive/texmf-dist/tex/lualatex/luabidi/luabidi-footnotes.def
\footnoterulewidth=\skip76
))
(/usr/share/texlive/texmf-dist/tex/latex/polyglossia/hebrewcal.sty
Package: hebrewcal 2022/07/18 v2.8 Hebrew calendar for polyglossia (adapted fro
m hebcal.sty in Babel)

(/usr/share/texlive/texmf-dist/tex/latex/polyglossia/cal-util.def
\c@tmpA=\count432
\c@tmpB=\count433
\c@tmpC=\count434
\c@tmpD=\count435
\c@tmpE=\count436
\c@tmpF=\count437
)
\hebrewday=\count438
\hebrewmonth=\count439
\hebrewyear=\count440
\@common=\count441
)
Package polyglossia Info: Option: Hebrew, numerals=arabic.
Package polyglossia Info: Option: Hebrew, numerals=arabic.
Package polyglossia Info: Option: Hebrew, calendar=gregorian.

(/usr/share/texlive/texmf-dist/tex/latex/polyglossia/babel-hebrewalph.def
File: babel-hebrewalph.def 2023/06/01 Expandable definitions for Hebrew numeral
s
))
Package polyglossia Info: Default language is hebrew.

(/usr/share/texlive/texmf-dist/tex/latex/polyglossia/gloss-english.ldf
File: gloss-english.ldf polyglossia: module for English
Package polyglossia Info: Option: English, variant=american.
)

Package fontspec Info: Font family 'Arial(0)' created for font 'Arial' with
(fontspec)             options
(fontspec)             [Renderer=Harfbuzz,Ligatures=TeX,Path=/mnt/c/Windows/Fon
ts/,Extension=.ttf,UprightFont=arial,BoldFont=arialbd,ItalicFont=ariali,BoldIta
licFont=arialbi,Script=Hebrew,Ligatures=TeX].
(fontspec)              
(fontspec)              This font family consists of the following NFSS
(fontspec)             series/shapes:
(fontspec)              
(fontspec)             - 'normal' (m/n) with NFSS spec.:
(fontspec)             <->"[/mnt/c/Windows/Fonts/arial.ttf]:mode=harf;script=he
br;language=dflt;+tlig;"
(fontspec)             - 'small caps'  (m/sc) with NFSS spec.: 
(fontspec)             - 'bold' (b/n) with NFSS spec.:
(fontspec)             <->"[/mnt/c/Windows/Fonts/arialbd.ttf]:mode=harf;script=
hebr;language=dflt;+tlig;"
(fontspec)             - 'bold small caps'  (b/sc) with NFSS spec.: 
(fontspec)             - 'italic' (m/it) with NFSS spec.:
(fontspec)             <->"[/mnt/c/Windows/Fonts/ariali.ttf]:mode=harf;script=h
ebr;language=dflt;+tlig;"
(fontspec)             - 'italic small caps'  (m/scit) with NFSS spec.: 
(fontspec)             - 'bold italic' (b/it) with NFSS spec.:
(fontspec)             <->"[/mnt/c/Windows/Fonts/arialbi.ttf]:mode=harf;script=
hebr;language=dflt;+tlig;"
(fontspec)             - 'bold italic small caps'  (b/scit) with NFSS spec.: 


Package fontspec Info: Font family 'CourierNew(0)' created for font
(fontspec)             'CourierNew' with options
(fontspec)             [Renderer=Harfbuzz,WordSpace={1,0,0},HyphenChar=None,Pun
ctuationSpace=WordSpace,Path=/mnt/c/Windows/Fonts/,Extension=.ttf,UprightFont=c
our,BoldFont=courbd,ItalicFont=couri,BoldItalicFont=courbi,Script=Hebrew].
(fontspec)              
(fontspec)              This font family consists of the following NFSS
(fontspec)             series/shapes:
(fontspec)              
(fontspec)             - 'normal' (m/n) with NFSS spec.:
(fontspec)             <->"[/mnt/c/Windows/Fonts/cour.ttf]:mode=harf;script=heb
r;language=dflt;"
(fontspec)             - 'small caps'  (m/sc) with NFSS spec.: 
(fontspec)             and font adjustment code:
(fontspec)             \fontdimen 2\font =1\fontdimen 2\font \fontdimen 3\font
(fontspec)             =0\fontdimen 3\font \fontdimen 4\font =0\fontdimen
(fontspec)             4\font \fontdimen 7\font =0\fontdimen 2\font
(fontspec)             \tex_hyphenchar:D \font =-1\scan_stop: 
(fontspec)             - 'bold' (b/n) with NFSS spec.:
(fontspec)             <->"[/mnt/c/Windows/Fonts/courbd.ttf]:mode=harf;script=h
ebr;language=dflt;"
(fontspec)             - 'bold small caps'  (b/sc) with NFSS spec.: 
(fontspec)             and font adjustment code:
(fontspec)             \fontdimen 2\font =1\fontdimen 2\font \fontdimen 3\font
(fontspec)             =0\fontdimen 3\font \fontdimen 4\font =0\fontdimen
(fontspec)             4\font \fontdimen 7\font =0\fontdimen 2\font
(fontspec)             \tex_hyphenchar:D \font =-1\scan_stop: 
(fontspec)             - 'italic' (m/it) with NFSS spec.:
(fontspec)             <->"[/mnt/c/Windows/Fonts/couri.ttf]:mode=harf;script=he
br;language=dflt;"
(fontspec)             - 'italic small caps'  (m/scit) with NFSS spec.: 
(fontspec)             and font adjustment code:
(fontspec)             \fontdimen 2\font =1\fontdimen 2\font \fontdimen 3\font
(fontspec)             =0\fontdimen 3\font \fontdimen 4\font =0\fontdimen
(fontspec)             4\font \fontdimen 7\font =0\fontdimen 2\font
(fontspec)             \tex_hyphenchar:D \font =-1\scan_stop: 
(fontspec)             - 'bold italic' (b/it) with NFSS spec.:
(fontspec)             <->"[/mnt/c/Windows/Fonts/courbi.ttf]:mode=harf;script=h
ebr;language=dflt;"
(fontspec)             - 'bold italic small caps'  (b/scit) with NFSS spec.: 
(fontspec)             and font adjustment code:
(fontspec)             \fontdimen 2\font =1\fontdimen 2\font \fontdimen 3\font
(fontspec)             =0\fontdimen 3\font \fontdimen 4\font =0\fontdimen
(fontspec)             4\font \fontdimen 7\font =0\fontdimen 2\font
(fontspec)             \tex_hyphenchar:D \font =-1\scan_stop: 


Package fontspec Info: Font family 'Arial(1)' created for font 'Arial' with
(fontspec)             options
(fontspec)             [Renderer=Harfbuzz,Path=/mnt/c/Windows/Fonts/,Extension=
.ttf,UprightFont=arial,BoldFont=arialbd,ItalicFont=ariali,BoldItalicFont=arialb
i,Script=Hebrew,Ligatures=TeX].
(fontspec)              
(fontspec)              This font family consists of the following NFSS
(fontspec)             series/shapes:
(fontspec)              
(fontspec)             - 'normal' (m/n) with NFSS spec.:
(fontspec)             <->"[/mnt/c/Windows/Fonts/arial.ttf]:mode=harf;script=he
br;language=dflt;+tlig;"
(fontspec)             - 'small caps'  (m/sc) with NFSS spec.: 
(fontspec)             - 'bold' (b/n) with NFSS spec.:
(fontspec)             <->"[/mnt/c/Windows/Fonts/arialbd.ttf]:mode=harf;script=
hebr;language=dflt;+tlig;"
(fontspec)             - 'bold small caps'  (b/sc) with NFSS spec.: 
(fontspec)             - 'italic' (m/it) with NFSS spec.:
(fontspec)             <->"[/mnt/c/Windows/Fonts/ariali.ttf]:mode=harf;script=h
ebr;language=dflt;+tlig;"
(fontspec)             - 'italic small caps'  (m/scit) with NFSS spec.: 
(fontspec)             - 'bold italic' (b/it) with NFSS spec.:
(fontspec)             <->"[/mnt/c/Windows/Fonts/arialbi.ttf]:mode=harf;script=
hebr;language=dflt;+tlig;"
(fontspec)             - 'bold italic small caps'  (b/scit) with NFSS spec.: 


Package fontspec Info: Font family 'CourierNew(1)' created for font
(fontspec)             'CourierNew' with options
(fontspec)             [Renderer=Harfbuzz,Path=/mnt/c/Windows/Fonts/,Extension=
.ttf,UprightFont=cour,BoldFont=courbd,ItalicFont=couri,BoldItalicFont=courbi,Sc
ript=Hebrew].
(fontspec)              
(fontspec)              This font family consists of the following NFSS
(fontspec)             series/shapes:
(fontspec)              
(fontspec)             - 'normal' (m/n) with NFSS spec.:
(fontspec)             <->"[/mnt/c/Windows/Fonts/cour.ttf]:mode=harf;script=heb
r;language=dflt;"
(fontspec)             - 'small caps'  (m/sc) with NFSS spec.: 
(fontspec)             - 'bold' (b/n) with NFSS spec.:
(fontspec)             <->"[/mnt/c/Windows/Fonts/courbd.ttf]:mode=harf;script=h
ebr;language=dflt;"
(fontspec)             - 'bold small caps'  (b/sc) with NFSS spec.: 
(fontspec)             - 'italic' (m/it) with NFSS spec.:
(fontspec)             <->"[/mnt/c/Windows/Fonts/couri.ttf]:mode=harf;script=he
br;language=dflt;"
(fontspec)             - 'italic small caps'  (m/scit) with NFSS spec.: 
(fontspec)             - 'bold italic' (b/it) with NFSS spec.:
(fontspec)             <->"[/mnt/c/Windows/Fonts/courbi.ttf]:mode=harf;script=h
ebr;language=dflt;"
(fontspec)             - 'bold italic small caps'  (b/scit) with NFSS spec.: 

\@quotelevel=\count442
\@quotereset=\count443

(./main.aux)
\openout1 = main.aux

LaTeX Font Info:    Checking defaults for OML/cmm/m/it on input line 159.
LaTeX Font Info:    ... okay on input line 159.
LaTeX Font Info:    Checking defaults for OMS/cmsy/m/n on input line 159.
LaTeX Font Info:    ... okay on input line 159.
LaTeX Font Info:    Checking defaults for OT1/cmr/m/n on input line 159.
LaTeX Font Info:    ... okay on input line 159.
LaTeX Font Info:    Checking defaults for T1/cmr/m/n on input line 159.
LaTeX Font Info:    ... okay on input line 159.
LaTeX Font Info:    Checking defaults for TS1/cmr/m/n on input line 159.
LaTeX Font Info:    Trying to load font information for TS1+cmr on input line 1
59.
 (/usr/share/texlive/texmf-dist/tex/latex/base/ts1cmr.fd
File: ts1cmr.fd 2023/04/13 v2.5m Standard LaTeX font definitions
)
LaTeX Font Info:    ... okay on input line 159.
LaTeX Font Info:    Checking defaults for TU/lmr/m/n on input line 159.
LaTeX Font Info:    ... okay on input line 159.
LaTeX Font Info:    Checking defaults for OMX/cmex/m/n on input line 159.
LaTeX Font Info:    ... okay on input line 159.
LaTeX Font Info:    Checking defaults for U/cmr/m/n on input line 159.
LaTeX Font Info:    ... okay on input line 159.
LaTeX Font Info:    Checking defaults for PD1/pdf/m/n on input line 159.
LaTeX Font Info:    ... okay on input line 159.
LaTeX Font Info:    Checking defaults for PU/pdf/m/n on input line 159.
LaTeX Font Info:    ... okay on input line 159.

Package fontspec Info: Adjusting the maths setup (use [no-math] to avoid
(fontspec)             this).

\symlegacymaths=\mathgroup4
LaTeX Font Info:    Overwriting symbol font `legacymaths' in version `bold'
(Font)                  OT1/cmr/m/n --> OT1/cmr/bx/n on input line 159.
LaTeX Font Info:    Redeclaring math accent \acute on input line 159.
LaTeX Font Info:    Redeclaring math accent \grave on input line 159.
LaTeX Font Info:    Redeclaring math accent \ddot on input line 159.
LaTeX Font Info:    Redeclaring math accent \tilde on input line 159.
LaTeX Font Info:    Redeclaring math accent \bar on input line 159.
LaTeX Font Info:    Redeclaring math accent \breve on input line 159.
LaTeX Font Info:    Redeclaring math accent \check on input line 159.
LaTeX Font Info:    Redeclaring math accent \hat on input line 159.
LaTeX Font Info:    Redeclaring math accent \dot on input line 159.
LaTeX Font Info:    Redeclaring math accent \mathring on input line 159.
LaTeX Font Info:    Redeclaring math symbol \Gamma on input line 159.
LaTeX Font Info:    Redeclaring math symbol \Delta on input line 159.
LaTeX Font Info:    Redeclaring math symbol \Theta on input line 159.
LaTeX Font Info:    Redeclaring math symbol \Lambda on input line 159.
LaTeX Font Info:    Redeclaring math symbol \Xi on input line 159.
LaTeX Font Info:    Redeclaring math symbol \Pi on input line 159.
LaTeX Font Info:    Redeclaring math symbol \Sigma on input line 159.
LaTeX Font Info:    Redeclaring math symbol \Upsilon on input line 159.
LaTeX Font Info:    Redeclaring math symbol \Phi on input line 159.
LaTeX Font Info:    Redeclaring math symbol \Psi on input line 159.
LaTeX Font Info:    Redeclaring math symbol \Omega on input line 159.
LaTeX Font Info:    Redeclaring math symbol \mathdollar on input line 159.
LaTeX Font Info:    Redeclaring symbol font `operators' on input line 159.
LaTeX Font Info:    Encoding `OT1' has changed to `TU' for symbol font
(Font)              `operators' in the math version `normal' on input line 159.

LaTeX Font Info:    Overwriting symbol font `operators' in version `normal'
(Font)                  OT1/cmr/m/n --> TU/Arial(0)/m/n on input line 159.
LaTeX Font Info:    Encoding `OT1' has changed to `TU' for symbol font
(Font)              `operators' in the math version `bold' on input line 159.
LaTeX Font Info:    Overwriting symbol font `operators' in version `bold'
(Font)                  OT1/cmr/bx/n --> TU/Arial(0)/m/n on input line 159.
LaTeX Font Info:    Overwriting symbol font `operators' in version `normal'
(Font)                  TU/Arial(0)/m/n --> TU/Arial(0)/m/n on input line 159.
LaTeX Font Info:    Overwriting math alphabet `\mathit' in version `normal'
(Font)                  OT1/cmr/m/it --> TU/Arial(0)/m/it on input line 159.
LaTeX Font Info:    Overwriting math alphabet `\mathbf' in version `normal'
(Font)                  OT1/cmr/bx/n --> TU/Arial(0)/b/n on input line 159.
LaTeX Font Info:    Overwriting math alphabet `\mathsf' in version `normal'
(Font)                  OT1/cmss/m/n --> TU/Arial(0)/m/n on input line 159.
LaTeX Font Info:    Overwriting math alphabet `\mathtt' in version `normal'
(Font)                  OT1/cmtt/m/n --> TU/CourierNew(0)/m/n on input line 159
.
LaTeX Font Info:    Overwriting symbol font `operators' in version `bold'
(Font)                  TU/Arial(0)/m/n --> TU/Arial(0)/b/n on input line 159.
LaTeX Font Info:    Overwriting math alphabet `\mathit' in version `bold'
(Font)                  OT1/cmr/bx/it --> TU/Arial(0)/b/it on input line 159.
LaTeX Font Info:    Overwriting math alphabet `\mathsf' in version `bold'
(Font)                  OT1/cmss/bx/n --> TU/Arial(0)/b/n on input line 159.
LaTeX Font Info:    Overwriting math alphabet `\mathtt' in version `bold'
(Font)                  OT1/cmtt/m/n --> TU/CourierNew(0)/b/n on input line 159
.
Package biblatex Info: Trying to load language 'american'...
Package biblatex Info: ... file 'american.lbx' found.

(/usr/share/texlive/texmf-dist/tex/latex/biblatex/lbx/american.lbx
File: american.lbx 2023/03/05 v3.19 biblatex localization (PK/MW)
Package biblatex Info: Trying to load language 'english'...
Package biblatex Info: ... file 'english.lbx' found.

(/usr/share/texlive/texmf-dist/tex/latex/biblatex/lbx/english.lbx
File: english.lbx 2023/03/05 v3.19 biblatex localization (PK/MW)
)
Package biblatex Info: Trying to load language 'english'...
Package biblatex Info: ... file 'english.lbx' found.

(/usr/share/texlive/texmf-dist/tex/latex/biblatex/lbx/english.lbx
File: english.lbx 2023/03/05 v3.19 biblatex localization (PK/MW)
))
Package biblatex Info: Trying to load language 'hebrew' -> 'english'...
Package biblatex Info: ... file 'english.lbx' found.

(/usr/share/texlive/texmf-dist/tex/latex/biblatex/lbx/english.lbx
File: english.lbx 2023/03/05 v3.19 biblatex localization (PK/MW)
)
Package biblatex Info: LuaTeX detected.
(biblatex)             Assuming input encoding 'utf8'.
Package biblatex Info: Automatic encoding selection.
(biblatex)             Assuming data encoding 'utf8'.

\openout3 = main.bcf
Package biblatex Info: Trying to load bibliographic data...
Package biblatex Info: ... file 'main.bbl' found.
 (./main.bbl
LaTeX Info: Redefining \rmfamily on input line 91.
LaTeX Info: Redefining \sffamily on input line 91.
LaTeX Info: Redefining \ttfamily on input line 91.
LaTeX Info: Redefining \rmfamily on input line 91.
LaTeX Info: Redefining \sffamily on input line 91.
LaTeX Info: Redefining \ttfamily on input line 91.
LaTeX Info: Redefining \rmfamily on input line 91.
LaTeX Info: Redefining \sffamily on input line 91.
LaTeX Info: Redefining \ttfamily on input line 91.
LaTeX Info: Redefining \rmfamily on input line 128.
LaTeX Info: Redefining \sffamily on input line 128.
LaTeX Info: Redefining \ttfamily on input line 128.
LaTeX Info: Redefining \rmfamily on input line 128.
LaTeX Info: Redefining \sffamily on input line 128.
LaTeX Info: Redefining \ttfamily on input line 128.
LaTeX Info: Redefining \rmfamily on input line 128.
LaTeX Info: Redefining \sffamily on input line 128.
LaTeX Info: Redefining \ttfamily on input line 128.
LaTeX Info: Redefining \rmfamily on input line 165.
LaTeX Info: Redefining \sffamily on input line 165.
LaTeX Info: Redefining \ttfamily on input line 165.
LaTeX Info: Redefining \rmfamily on input line 165.
LaTeX Info: Redefining \sffamily on input line 165.
LaTeX Info: Redefining \ttfamily on input line 165.
LaTeX Info: Redefining \rmfamily on input line 165.
LaTeX Info: Redefining \sffamily on input line 165.
LaTeX Info: Redefining \ttfamily on input line 165.
LaTeX Info: Redefining \rmfamily on input line 219.
LaTeX Info: Redefining \sffamily on input line 219.
LaTeX Info: Redefining \ttfamily on input line 219.
LaTeX Info: Redefining \rmfamily on input line 219.
LaTeX Info: Redefining \sffamily on input line 219.
LaTeX Info: Redefining \ttfamily on input line 219.
LaTeX Info: Redefining \rmfamily on input line 219.
LaTeX Info: Redefining \sffamily on input line 219.
LaTeX Info: Redefining \ttfamily on input line 219.
LaTeX Info: Redefining \rmfamily on input line 250.
LaTeX Info: Redefining \sffamily on input line 250.
LaTeX Info: Redefining \ttfamily on input line 250.
LaTeX Info: Redefining \rmfamily on input line 250.
LaTeX Info: Redefining \sffamily on input line 250.
LaTeX Info: Redefining \ttfamily on input line 250.
LaTeX Info: Redefining \rmfamily on input line 250.
LaTeX Info: Redefining \sffamily on input line 250.
LaTeX Info: Redefining \ttfamily on input line 250.
LaTeX Info: Redefining \rmfamily on input line 285.
LaTeX Info: Redefining \sffamily on input line 285.
LaTeX Info: Redefining \ttfamily on input line 285.
LaTeX Info: Redefining \rmfamily on input line 285.
LaTeX Info: Redefining \sffamily on input line 285.
LaTeX Info: Redefining \ttfamily on input line 285.
LaTeX Info: Redefining \rmfamily on input line 285.
LaTeX Info: Redefining \sffamily on input line 285.
LaTeX Info: Redefining \ttfamily on input line 285.
LaTeX Info: Redefining \rmfamily on input line 319.
LaTeX Info: Redefining \sffamily on input line 319.
LaTeX Info: Redefining \ttfamily on input line 319.
LaTeX Info: Redefining \rmfamily on input line 319.
LaTeX Info: Redefining \sffamily on input line 319.
LaTeX Info: Redefining \ttfamily on input line 319.
LaTeX Info: Redefining \rmfamily on input line 319.
LaTeX Info: Redefining \sffamily on input line 319.
LaTeX Info: Redefining \ttfamily on input line 319.
LaTeX Info: Redefining \rmfamily on input line 351.
LaTeX Info: Redefining \sffamily on input line 351.
LaTeX Info: Redefining \ttfamily on input line 351.
LaTeX Info: Redefining \rmfamily on input line 351.
LaTeX Info: Redefining \sffamily on input line 351.
LaTeX Info: Redefining \ttfamily on input line 351.
LaTeX Info: Redefining \rmfamily on input line 351.
LaTeX Info: Redefining \sffamily on input line 351.
LaTeX Info: Redefining \ttfamily on input line 351.
LaTeX Info: Redefining \rmfamily on input line 399.
LaTeX Info: Redefining \sffamily on input line 399.
LaTeX Info: Redefining \ttfamily on input line 399.
LaTeX Info: Redefining \rmfamily on input line 399.
LaTeX Info: Redefining \sffamily on input line 399.
LaTeX Info: Redefining \ttfamily on input line 399.
LaTeX Info: Redefining \rmfamily on input line 399.
LaTeX Info: Redefining \sffamily on input line 399.
LaTeX Info: Redefining \ttfamily on input line 399.
LaTeX Info: Redefining \rmfamily on input line 451.
LaTeX Info: Redefining \sffamily on input line 451.
LaTeX Info: Redefining \ttfamily on input line 451.
LaTeX Info: Redefining \rmfamily on input line 451.
LaTeX Info: Redefining \sffamily on input line 451.
LaTeX Info: Redefining \ttfamily on input line 451.
LaTeX Info: Redefining \rmfamily on input line 451.
LaTeX Info: Redefining \sffamily on input line 451.
LaTeX Info: Redefining \ttfamily on input line 451.
LaTeX Info: Redefining \rmfamily on input line 520.
LaTeX Info: Redefining \sffamily on input line 520.
LaTeX Info: Redefining \ttfamily on input line 520.
LaTeX Info: Redefining \rmfamily on input line 520.
LaTeX Info: Redefining \sffamily on input line 520.
LaTeX Info: Redefining \ttfamily on input line 520.
LaTeX Info: Redefining \rmfamily on input line 520.
LaTeX Info: Redefining \sffamily on input line 520.
LaTeX Info: Redefining \ttfamily on input line 520.
LaTeX Info: Redefining \rmfamily on input line 554.
LaTeX Info: Redefining \sffamily on input line 554.
LaTeX Info: Redefining \ttfamily on input line 554.
LaTeX Info: Redefining \rmfamily on input line 554.
LaTeX Info: Redefining \sffamily on input line 554.
LaTeX Info: Redefining \ttfamily on input line 554.
LaTeX Info: Redefining \rmfamily on input line 554.
LaTeX Info: Redefining \sffamily on input line 554.
LaTeX Info: Redefining \ttfamily on input line 554.
LaTeX Info: Redefining \rmfamily on input line 587.
LaTeX Info: Redefining \sffamily on input line 587.
LaTeX Info: Redefining \ttfamily on input line 587.
LaTeX Info: Redefining \rmfamily on input line 587.
LaTeX Info: Redefining \sffamily on input line 587.
LaTeX Info: Redefining \ttfamily on input line 587.
LaTeX Info: Redefining \rmfamily on input line 587.
LaTeX Info: Redefining \sffamily on input line 587.
LaTeX Info: Redefining \ttfamily on input line 587.
LaTeX Info: Redefining \rmfamily on input line 645.
LaTeX Info: Redefining \sffamily on input line 645.
LaTeX Info: Redefining \ttfamily on input line 645.
LaTeX Info: Redefining \rmfamily on input line 645.
LaTeX Info: Redefining \sffamily on input line 645.
LaTeX Info: Redefining \ttfamily on input line 645.
LaTeX Info: Redefining \rmfamily on input line 645.
LaTeX Info: Redefining \sffamily on input line 645.
LaTeX Info: Redefining \ttfamily on input line 645.
LaTeX Info: Redefining \rmfamily on input line 681.
LaTeX Info: Redefining \sffamily on input line 681.
LaTeX Info: Redefining \ttfamily on input line 681.
LaTeX Info: Redefining \rmfamily on input line 681.
LaTeX Info: Redefining \sffamily on input line 681.
LaTeX Info: Redefining \ttfamily on input line 681.
LaTeX Info: Redefining \rmfamily on input line 681.
LaTeX Info: Redefining \sffamily on input line 681.
LaTeX Info: Redefining \ttfamily on input line 681.
)
Package biblatex Info: Reference section=0 on input line 159.
Package biblatex Info: Reference segment=0 on input line 159.
*geometry* driver: auto-detecting
*geometry* detected driver: luatex
*geometry* verbose mode - [ preamble ] result:
* driver: luatex
* paper: a4paper
* layout: <same size as paper>
* layoutoffset:(h,v)=(0.0pt,0.0pt)
* modes: 
* h-part:(L,W,R)=(71.13188pt, 455.24411pt, 71.13188pt)
* v-part:(T,H,B)=(71.13188pt, 702.78308pt, 71.13188pt)
* \paperwidth=597.50787pt
* \paperheight=845.04684pt
* \textwidth=455.24411pt
* \textheight=702.78308pt
* \oddsidemargin=-1.1381pt
* \evensidemargin=-1.1381pt
* \topmargin=-38.1381pt
* \headheight=12.0pt
* \headsep=25.0pt
* \topskip=12.0pt
* \footskip=30.0pt
* \marginparwidth=35.0pt
* \marginparsep=10.0pt
* \columnsep=10.0pt
* \skip\footins=10.8pt plus 4.0pt minus 2.0pt
* \hoffset=0.0pt
* \voffset=0.0pt
* \mag=1000
* \@twocolumnfalse
* \@twosidefalse
* \@mparswitchfalse
* \@reversemarginfalse
* (1in=72.27pt=25.4mm, 1cm=28.453pt)

(/usr/share/texlive/texmf-dist/tex/context/base/mkii/supp-pdf.mkii
[Loading MPS to PDF converter (version 2006.09.02).]
\scratchcounter=\count444
\scratchdimen=\dimen179
\scratchbox=\box56
\nofMPsegments=\count445
\nofMParguments=\count446
\everyMPshowfont=\toks28
\MPscratchCnt=\count447
\MPscratchDim=\dimen180
\MPnumerator=\count448
\makeMPintoPDFobject=\count449
\everyMPtoPDFconversion=\toks29
) (/usr/share/texlive/texmf-dist/tex/latex/epstopdf-pkg/epstopdf-base.sty
Package: epstopdf-base 2020-01-24 v2.11 Base part for package epstopdf
Package epstopdf-base Info: Redefining graphics rule for `.eps' on input line 4
85.

(/usr/share/texlive/texmf-dist/tex/latex/latexconfig/epstopdf-sys.cfg
File: epstopdf-sys.cfg 2010/07/13 v1.3 Configuration of (r)epstopdf for TeX Liv
e
))
Package hyperref Info: Link coloring OFF on input line 159.

(./main.out) (./main.out)
\@outlinefile=\write4

\openout4 = main.out
LaTeX Info: Redefining \rmfamily on input line 162.
LaTeX Info: Redefining \sffamily on input line 162.
LaTeX Info: Redefining \ttfamily on input line 162.
 [1

{/var/lib/texmf/fonts/map/pdftex/updmap/pdftex.map}] (./main.toc
LaTeX Info: Redefining \rmfamily on input line 3.
LaTeX Info: Redefining \sffamily on input line 3.
LaTeX Info: Redefining \ttfamily on input line 3.
LaTeX Info: Redefining \rmfamily on input line 3.
LaTeX Info: Redefining \sffamily on input line 3.
LaTeX Info: Redefining \ttfamily on input line 3.
LaTeX Info: Redefining \rmfamily on input line 4.
LaTeX Info: Redefining \sffamily on input line 4.
LaTeX Info: Redefining \ttfamily on input line 4.
LaTeX Info: Redefining \rmfamily on input line 4.
LaTeX Info: Redefining \sffamily on input line 4.
LaTeX Info: Redefining \ttfamily on input line 4.
LaTeX Info: Redefining \rmfamily on input line 5.
LaTeX Info: Redefining \sffamily on input line 5.
LaTeX Info: Redefining \ttfamily on input line 5.
LaTeX Info: Redefining \rmfamily on input line 5.
LaTeX Info: Redefining \sffamily on input line 5.
LaTeX Info: Redefining \ttfamily on input line 5.
LaTeX Info: Redefining \rmfamily on input line 6.
LaTeX Info: Redefining \sffamily on input line 6.
LaTeX Info: Redefining \ttfamily on input line 6.
LaTeX Info: Redefining \rmfamily on input line 6.
LaTeX Info: Redefining \sffamily on input line 6.
LaTeX Info: Redefining \ttfamily on input line 6.
LaTeX Info: Redefining \rmfamily on input line 7.
LaTeX Info: Redefining \sffamily on input line 7.
LaTeX Info: Redefining \ttfamily on input line 7.
LaTeX Info: Redefining \rmfamily on input line 7.
LaTeX Info: Redefining \sffamily on input line 7.
LaTeX Info: Redefining \ttfamily on input line 7.
LaTeX Info: Redefining \rmfamily on input line 8.
LaTeX Info: Redefining \sffamily on input line 8.
LaTeX Info: Redefining \ttfamily on input line 8.
LaTeX Info: Redefining \rmfamily on input line 9.
LaTeX Info: Redefining \sffamily on input line 9.
LaTeX Info: Redefining \ttfamily on input line 9.
LaTeX Info: Redefining \rmfamily on input line 9.
LaTeX Info: Redefining \sffamily on input line 9.
LaTeX Info: Redefining \ttfamily on input line 9.
LaTeX Info: Redefining \rmfamily on input line 10.
LaTeX Info: Redefining \sffamily on input line 10.
LaTeX Info: Redefining \ttfamily on input line 10.
LaTeX Info: Redefining \rmfamily on input line 10.
LaTeX Info: Redefining \sffamily on input line 10.
LaTeX Info: Redefining \ttfamily on input line 10.
LaTeX Info: Redefining \rmfamily on input line 10.
LaTeX Info: Redefining \sffamily on input line 10.
LaTeX Info: Redefining \ttfamily on input line 10.
LaTeX Info: Redefining \rmfamily on input line 11.
LaTeX Info: Redefining \sffamily on input line 11.
LaTeX Info: Redefining \ttfamily on input line 11.
LaTeX Info: Redefining \rmfamily on input line 11.
LaTeX Info: Redefining \sffamily on input line 11.
LaTeX Info: Redefining \ttfamily on input line 11.
LaTeX Info: Redefining \rmfamily on input line 12.
LaTeX Info: Redefining \sffamily on input line 12.
LaTeX Info: Redefining \ttfamily on input line 12.
LaTeX Info: Redefining \rmfamily on input line 12.
LaTeX Info: Redefining \sffamily on input line 12.
LaTeX Info: Redefining \ttfamily on input line 12.
LaTeX Info: Redefining \rmfamily on input line 13.
LaTeX Info: Redefining \sffamily on input line 13.
LaTeX Info: Redefining \ttfamily on input line 13.
LaTeX Info: Redefining \rmfamily on input line 13.
LaTeX Info: Redefining \sffamily on input line 13.
LaTeX Info: Redefining \ttfamily on input line 13.
LaTeX Info: Redefining \rmfamily on input line 14.
LaTeX Info: Redefining \sffamily on input line 14.
LaTeX Info: Redefining \ttfamily on input line 14.
LaTeX Info: Redefining \rmfamily on input line 14.
LaTeX Info: Redefining \sffamily on input line 14.
LaTeX Info: Redefining \ttfamily on input line 14.
LaTeX Info: Redefining \rmfamily on input line 14.
LaTeX Info: Redefining \sffamily on input line 14.
LaTeX Info: Redefining \ttfamily on input line 14.
LaTeX Info: Redefining \rmfamily on input line 15.
LaTeX Info: Redefining \sffamily on input line 15.
LaTeX Info: Redefining \ttfamily on input line 15.
LaTeX Info: Redefining \rmfamily on input line 16.
LaTeX Info: Redefining \sffamily on input line 16.
LaTeX Info: Redefining \ttfamily on input line 16.
LaTeX Info: Redefining \rmfamily on input line 16.
LaTeX Info: Redefining \sffamily on input line 16.
LaTeX Info: Redefining \ttfamily on input line 16.
LaTeX Info: Redefining \rmfamily on input line 16.
LaTeX Info: Redefining \sffamily on input line 16.
LaTeX Info: Redefining \ttfamily on input line 16.
LaTeX Info: Redefining \rmfamily on input line 17.
LaTeX Info: Redefining \sffamily on input line 17.
LaTeX Info: Redefining \ttfamily on input line 17.
Package polyglossia Info: Option: Hebrew, numerals=arabic.
Package polyglossia Info: Option: Hebrew, calendar=gregorian.
Package polyglossia Info: Option: Hebrew, numerals=arabic.
Package polyglossia Info: Option: Hebrew, calendar=gregorian.
Package polyglossia Info: Option: Hebrew, numerals=arabic.
Package polyglossia Info: Option: Hebrew, calendar=gregorian.
Package polyglossia Info: Option: Hebrew, numerals=arabic.
Package polyglossia Info: Option: Hebrew, calendar=gregorian.
LaTeX Info: Redefining \rmfamily on input line 20.
LaTeX Info: Redefining \sffamily on input line 20.
LaTeX Info: Redefining \ttfamily on input line 20.
LaTeX Info: Redefining \rmfamily on input line 20.
LaTeX Info: Redefining \sffamily on input line 20.
LaTeX Info: Redefining \ttfamily on input line 20.
LaTeX Info: Redefining \rmfamily on input line 21.
LaTeX Info: Redefining \sffamily on input line 21.
LaTeX Info: Redefining \ttfamily on input line 21.
LaTeX Info: Redefining \rmfamily on input line 21.
LaTeX Info: Redefining \sffamily on input line 21.
LaTeX Info: Redefining \ttfamily on input line 21.
LaTeX Info: Redefining \rmfamily on input line 22.
LaTeX Info: Redefining \sffamily on input line 22.
LaTeX Info: Redefining \ttfamily on input line 22.
LaTeX Info: Redefining \rmfamily on input line 23.
LaTeX Info: Redefining \sffamily on input line 23.
LaTeX Info: Redefining \ttfamily on input line 23.
LaTeX Info: Redefining \rmfamily on input line 23.
LaTeX Info: Redefining \sffamily on input line 23.
LaTeX Info: Redefining \ttfamily on input line 23.
LaTeX Info: Redefining \rmfamily on input line 23.
LaTeX Info: Redefining \sffamily on input line 23.
LaTeX Info: Redefining \ttfamily on input line 23.
LaTeX Info: Redefining \rmfamily on input line 24.
LaTeX Info: Redefining \sffamily on input line 24.
LaTeX Info: Redefining \ttfamily on input line 24.
LaTeX Info: Redefining \rmfamily on input line 24.
LaTeX Info: Redefining \sffamily on input line 24.
LaTeX Info: Redefining \ttfamily on input line 24.
LaTeX Info: Redefining \rmfamily on input line 24.
LaTeX Info: Redefining \sffamily on input line 24.
LaTeX Info: Redefining \ttfamily on input line 24.
LaTeX Info: Redefining \rmfamily on input line 25.
LaTeX Info: Redefining \sffamily on input line 25.
LaTeX Info: Redefining \ttfamily on input line 25.
LaTeX Info: Redefining \rmfamily on input line 25.
LaTeX Info: Redefining \sffamily on input line 25.
LaTeX Info: Redefining \ttfamily on input line 25.
LaTeX Info: Redefining \rmfamily on input line 26.
LaTeX Info: Redefining \sffamily on input line 26.
LaTeX Info: Redefining \ttfamily on input line 26.
LaTeX Info: Redefining \rmfamily on input line 26.
LaTeX Info: Redefining \sffamily on input line 26.
LaTeX Info: Redefining \ttfamily on input line 26.
LaTeX Info: Redefining \rmfamily on input line 27.
LaTeX Info: Redefining \sffamily on input line 27.
LaTeX Info: Redefining \ttfamily on input line 27.
LaTeX Info: Redefining \rmfamily on input line 27.
LaTeX Info: Redefining \sffamily on input line 27.
LaTeX Info: Redefining \ttfamily on input line 27.
LaTeX Info: Redefining \rmfamily on input line 28.
LaTeX Info: Redefining \sffamily on input line 28.
LaTeX Info: Redefining \ttfamily on input line 28.
LaTeX Info: Redefining \rmfamily on input line 29.
LaTeX Info: Redefining \sffamily on input line 29.
LaTeX Info: Redefining \ttfamily on input line 29.
LaTeX Info: Redefining \rmfamily on input line 29.
LaTeX Info: Redefining \sffamily on input line 29.
LaTeX Info: Redefining \ttfamily on input line 29.
LaTeX Info: Redefining \rmfamily on input line 30.
LaTeX Info: Redefining \sffamily on input line 30.
LaTeX Info: Redefining \ttfamily on input line 30.
LaTeX Info: Redefining \rmfamily on input line 30.
LaTeX Info: Redefining \sffamily on input line 30.
LaTeX Info: Redefining \ttfamily on input line 30.
LaTeX Info: Redefining \rmfamily on input line 30.
LaTeX Info: Redefining \sffamily on input line 30.
LaTeX Info: Redefining \ttfamily on input line 30.
LaTeX Info: Redefining \rmfamily on input line 30.
LaTeX Info: Redefining \sffamily on input line 30.
LaTeX Info: Redefining \ttfamily on input line 30.
LaTeX Info: Redefining \rmfamily on input line 31.
LaTeX Info: Redefining \sffamily on input line 31.
LaTeX Info: Redefining \ttfamily on input line 31.
LaTeX Info: Redefining \rmfamily on input line 31.
LaTeX Info: Redefining \sffamily on input line 31.
LaTeX Info: Redefining \ttfamily on input line 31.
LaTeX Info: Redefining \rmfamily on input line 32.
LaTeX Info: Redefining \sffamily on input line 32.
LaTeX Info: Redefining \ttfamily on input line 32.
LaTeX Info: Redefining \rmfamily on input line 33.
LaTeX Info: Redefining \sffamily on input line 33.
LaTeX Info: Redefining \ttfamily on input line 33.
LaTeX Info: Redefining \rmfamily on input line 33.
LaTeX Info: Redefining \sffamily on input line 33.
LaTeX Info: Redefining \ttfamily on input line 33.
LaTeX Info: Redefining \rmfamily on input line 34.
LaTeX Info: Redefining \sffamily on input line 34.
LaTeX Info: Redefining \ttfamily on input line 34.
LaTeX Info: Redefining \rmfamily on input line 34.
LaTeX Info: Redefining \sffamily on input line 34.
LaTeX Info: Redefining \ttfamily on input line 34.
LaTeX Info: Redefining \rmfamily on input line 35.
LaTeX Info: Redefining \sffamily on input line 35.
LaTeX Info: Redefining \ttfamily on input line 35.
Package polyglossia Info: Option: Hebrew, numerals=arabic.
Package polyglossia Info: Option: Hebrew, calendar=gregorian.
Package polyglossia Info: Option: Hebrew, numerals=arabic.
Package polyglossia Info: Option: Hebrew, calendar=gregorian.
Package polyglossia Info: Option: Hebrew, numerals=arabic.
Package polyglossia Info: Option: Hebrew, calendar=gregorian.
Package polyglossia Info: Option: Hebrew, numerals=arabic.
Package polyglossia Info: Option: Hebrew, calendar=gregorian.
)
\tf@toc=\write5

\openout5 = main.toc

warning  (pdf backend): ignoring duplicate destination with the name 'page.1'
[1

] (./chapters/ch1.tex
פרק 1.

Package hyperref Warning: Token not allowed in a PDF string (Unicode):
(hyperref)                removing `\textenglish' on input line 1.

LaTeX Info: Redefining \rmfamily on input line 1.
LaTeX Info: Redefining \sffamily on input line 1.
LaTeX Info: Redefining \ttfamily on input line 1.
LaTeX Info: Redefining \rmfamily on input line 3.
LaTeX Info: Redefining \sffamily on input line 3.
LaTeX Info: Redefining \ttfamily on input line 3.
LaTeX Info: Redefining \rmfamily on input line 5.
LaTeX Info: Redefining \sffamily on input line 5.
LaTeX Info: Redefining \ttfamily on input line 5.
LaTeX Info: Redefining \rmfamily on input line 5.
LaTeX Info: Redefining \sffamily on input line 5.
LaTeX Info: Redefining \ttfamily on input line 5.
LaTeX Info: Redefining \rmfamily on input line 5.
LaTeX Info: Redefining \sffamily on input line 5.
LaTeX Info: Redefining \ttfamily on input line 5.
LaTeX Info: Redefining \rmfamily on input line 5.
LaTeX Info: Redefining \sffamily on input line 5.
LaTeX Info: Redefining \ttfamily on input line 5.
LaTeX Info: Redefining \rmfamily on input line 7.
LaTeX Info: Redefining \sffamily on input line 7.
LaTeX Info: Redefining \ttfamily on input line 7.
LaTeX Info: Redefining \rmfamily on input line 7.
LaTeX Info: Redefining \sffamily on input line 7.
LaTeX Info: Redefining \ttfamily on input line 7.
LaTeX Info: Redefining \rmfamily on input line 7.
LaTeX Info: Redefining \sffamily on input line 7.
LaTeX Info: Redefining \ttfamily on input line 7.
LaTeX Info: Redefining \rmfamily on input line 7.
LaTeX Info: Redefining \sffamily on input line 7.
LaTeX Info: Redefining \ttfamily on input line 7.
LaTeX Info: Redefining \rmfamily on input line 7.
LaTeX Info: Redefining \sffamily on input line 7.
LaTeX Info: Redefining \ttfamily on input line 7.
LaTeX Info: Redefining \rmfamily on input line 7.
LaTeX Info: Redefining \sffamily on input line 7.
LaTeX Info: Redefining \ttfamily on input line 7.
LaTeX Info: Redefining \rmfamily on input line 9.
LaTeX Info: Redefining \sffamily on input line 9.
LaTeX Info: Redefining \ttfamily on input line 9.
LaTeX Info: Redefining \rmfamily on input line 11.
LaTeX Info: Redefining \sffamily on input line 11.
LaTeX Info: Redefining \ttfamily on input line 11.
LaTeX Info: Redefining \rmfamily on input line 15.
LaTeX Info: Redefining \sffamily on input line 15.
LaTeX Info: Redefining \ttfamily on input line 15.
LaTeX Info: Redefining \rmfamily on input line 18.
LaTeX Info: Redefining \sffamily on input line 18.
LaTeX Info: Redefining \ttfamily on input line 18.
LaTeX Info: Redefining \rmfamily on input line 18.
LaTeX Info: Redefining \sffamily on input line 18.
LaTeX Info: Redefining \ttfamily on input line 18.
LaTeX Info: Redefining \rmfamily on input line 20.
LaTeX Info: Redefining \sffamily on input line 20.
LaTeX Info: Redefining \ttfamily on input line 20.
LaTeX Info: Redefining \rmfamily on input line 22.
LaTeX Info: Redefining \sffamily on input line 22.
LaTeX Info: Redefining \ttfamily on input line 22.
LaTeX Info: Redefining \rmfamily on input line 22.
LaTeX Info: Redefining \sffamily on input line 22.
LaTeX Info: Redefining \ttfamily on input line 22.
LaTeX Info: Redefining \rmfamily on input line 26.
LaTeX Info: Redefining \sffamily on input line 26.
LaTeX Info: Redefining \ttfamily on input line 26.
[2

]
LaTeX Info: Redefining \rmfamily on input line 28.
LaTeX Info: Redefining \sffamily on input line 28.
LaTeX Info: Redefining \ttfamily on input line 28.
LaTeX Info: Redefining \rmfamily on input line 28.
LaTeX Info: Redefining \sffamily on input line 28.
LaTeX Info: Redefining \ttfamily on input line 28.
LaTeX Info: Redefining \rmfamily on input line 28.
LaTeX Info: Redefining \sffamily on input line 28.
LaTeX Info: Redefining \ttfamily on input line 28.
LaTeX Info: Redefining \rmfamily on input line 28.
LaTeX Info: Redefining \sffamily on input line 28.
LaTeX Info: Redefining \ttfamily on input line 28.
LaTeX Info: Redefining \rmfamily on input line 28.
LaTeX Info: Redefining \sffamily on input line 28.
LaTeX Info: Redefining \ttfamily on input line 28.
LaTeX Info: Redefining \rmfamily on input line 28.
LaTeX Info: Redefining \sffamily on input line 28.
LaTeX Info: Redefining \ttfamily on input line 28.
LaTeX Info: Redefining \rmfamily on input line 28.
LaTeX Info: Redefining \sffamily on input line 28.
LaTeX Info: Redefining \ttfamily on input line 28.
LaTeX Info: Redefining \rmfamily on input line 28.
LaTeX Info: Redefining \sffamily on input line 28.
LaTeX Info: Redefining \ttfamily on input line 28.
LaTeX Info: Redefining \rmfamily on input line 28.
LaTeX Info: Redefining \sffamily on input line 28.
LaTeX Info: Redefining \ttfamily on input line 28.
LaTeX Info: Redefining \rmfamily on input line 28.
LaTeX Info: Redefining \sffamily on input line 28.
LaTeX Info: Redefining \ttfamily on input line 28.
<assets/transformer_architecture.png, id=174, 498.663pt x 640.3122pt>
File: assets/transformer_architecture.png Graphic file (type png)
<use assets/transformer_architecture.png>
Package luatex.def Info: assets/transformer_architecture.png  used on input lin
e 32.
(luatex.def)             Requested size: 327.7763pt x 420.88777pt.
LaTeX Info: Redefining \rmfamily on input line 33.
LaTeX Info: Redefining \sffamily on input line 33.
LaTeX Info: Redefining \ttfamily on input line 33.
LaTeX Info: Redefining \rmfamily on input line 33.
LaTeX Info: Redefining \sffamily on input line 33.
LaTeX Info: Redefining \ttfamily on input line 33.
LaTeX Info: Redefining \rmfamily on input line 37.
LaTeX Info: Redefining \sffamily on input line 37.
LaTeX Info: Redefining \ttfamily on input line 37.
LaTeX Info: Redefining \rmfamily on input line 39.
LaTeX Info: Redefining \sffamily on input line 39.
LaTeX Info: Redefining \ttfamily on input line 39.
LaTeX Info: Redefining \rmfamily on input line 42.
LaTeX Info: Redefining \sffamily on input line 42.
LaTeX Info: Redefining \ttfamily on input line 42.
LaTeX Info: Redefining \rmfamily on input line 43.
LaTeX Info: Redefining \sffamily on input line 43.
LaTeX Info: Redefining \ttfamily on input line 43.
 [3
warning  (pdf backend): ignoring duplicate destination with the name 'figure.1.1
'
<./assets/transformer_architecture.png>]
LaTeX Info: Redefining \rmfamily on input line 44.
LaTeX Info: Redefining \sffamily on input line 44.
LaTeX Info: Redefining \ttfamily on input line 44.
LaTeX Info: Redefining \rmfamily on input line 44.
LaTeX Info: Redefining \sffamily on input line 44.
LaTeX Info: Redefining \ttfamily on input line 44.
LaTeX Info: Redefining \rmfamily on input line 48.
LaTeX Info: Redefining \sffamily on input line 48.
LaTeX Info: Redefining \ttfamily on input line 48.
) (./chapters/ch2.tex [4]
פרק 2.
LaTeX Info: Redefining \rmfamily on input line 3.
LaTeX Info: Redefining \sffamily on input line 3.
LaTeX Info: Redefining \ttfamily on input line 3.
LaTeX Info: Redefining \rmfamily on input line 5.
LaTeX Info: Redefining \sffamily on input line 5.
LaTeX Info: Redefining \ttfamily on input line 5.
LaTeX Info: Redefining \rmfamily on input line 5.
LaTeX Info: Redefining \sffamily on input line 5.
LaTeX Info: Redefining \ttfamily on input line 5.
LaTeX Info: Redefining \rmfamily on input line 5.
LaTeX Info: Redefining \sffamily on input line 5.
LaTeX Info: Redefining \ttfamily on input line 5.
LaTeX Info: Redefining \rmfamily on input line 11.
LaTeX Info: Redefining \sffamily on input line 11.
LaTeX Info: Redefining \ttfamily on input line 11.
LaTeX Info: Redefining \rmfamily on input line 13.
LaTeX Info: Redefining \sffamily on input line 13.
LaTeX Info: Redefining \ttfamily on input line 13.
LaTeX Info: Redefining \rmfamily on input line 13.
LaTeX Info: Redefining \sffamily on input line 13.
LaTeX Info: Redefining \ttfamily on input line 13.
LaTeX Info: Redefining \rmfamily on input line 13.
LaTeX Info: Redefining \sffamily on input line 13.
LaTeX Info: Redefining \ttfamily on input line 13.
LaTeX Info: Redefining \rmfamily on input line 13.
LaTeX Info: Redefining \sffamily on input line 13.
LaTeX Info: Redefining \ttfamily on input line 13.
LaTeX Info: Redefining \rmfamily on input line 13.
LaTeX Info: Redefining \sffamily on input line 13.
LaTeX Info: Redefining \ttfamily on input line 13.
LaTeX Info: Redefining \rmfamily on input line 13.
LaTeX Info: Redefining \sffamily on input line 13.
LaTeX Info: Redefining \ttfamily on input line 13.
LaTeX Info: Redefining \rmfamily on input line 13.
LaTeX Info: Redefining \sffamily on input line 13.
LaTeX Info: Redefining \ttfamily on input line 13.
LaTeX Info: Redefining \rmfamily on input line 13.
LaTeX Info: Redefining \sffamily on input line 13.
LaTeX Info: Redefining \ttfamily on input line 13.
LaTeX Info: Redefining \rmfamily on input line 13.
LaTeX Info: Redefining \sffamily on input line 13.
LaTeX Info: Redefining \ttfamily on input line 13.
<assets/attention_complexity.png, id=197, 570.4512pt x 350.7504pt>
File: assets/attention_complexity.png Graphic file (type png)
<use assets/attention_complexity.png>
Package luatex.def Info: assets/attention_complexity.png  used on input line 17
.
(luatex.def)             Requested size: 364.19667pt x 223.93358pt.
LaTeX Info: Redefining \rmfamily on input line 18.
LaTeX Info: Redefining \sffamily on input line 18.
LaTeX Info: Redefining \ttfamily on input line 18.
LaTeX Info: Redefining \rmfamily on input line 18.
LaTeX Info: Redefining \sffamily on input line 18.
LaTeX Info: Redefining \ttfamily on input line 18.
LaTeX Info: Redefining \rmfamily on input line 22.
LaTeX Info: Redefining \sffamily on input line 22.
LaTeX Info: Redefining \ttfamily on input line 22.
LaTeX Info: Redefining \rmfamily on input line 22.
LaTeX Info: Redefining \sffamily on input line 22.
LaTeX Info: Redefining \ttfamily on input line 22.

Package hyperref Warning: Token not allowed in a PDF string (Unicode):
(hyperref)                removing `\textenglish' on input line 22.

LaTeX Info: Redefining \rmfamily on input line 24.
LaTeX Info: Redefining \sffamily on input line 24.
LaTeX Info: Redefining \ttfamily on input line 24.
[5


warning  (pdf backend): ignoring duplicate destination with the name 'figure.2.1
'
<./assets/attention_complexity.png>]
LaTeX Info: Redefining \rmfamily on input line 26.
LaTeX Info: Redefining \sffamily on input line 26.
LaTeX Info: Redefining \ttfamily on input line 26.
LaTeX Info: Redefining \rmfamily on input line 26.
LaTeX Info: Redefining \sffamily on input line 26.
LaTeX Info: Redefining \ttfamily on input line 26.
LaTeX Info: Redefining \rmfamily on input line 26.
LaTeX Info: Redefining \sffamily on input line 26.
LaTeX Info: Redefining \ttfamily on input line 26.
LaTeX Info: Redefining \rmfamily on input line 26.
LaTeX Info: Redefining \sffamily on input line 26.
LaTeX Info: Redefining \ttfamily on input line 26.
LaTeX Info: Redefining \rmfamily on input line 26.
LaTeX Info: Redefining \sffamily on input line 26.
LaTeX Info: Redefining \ttfamily on input line 26.
LaTeX Info: Redefining \rmfamily on input line 30.
LaTeX Info: Redefining \sffamily on input line 30.
LaTeX Info: Redefining \ttfamily on input line 30.
LaTeX Info: Redefining \rmfamily on input line 32.
LaTeX Info: Redefining \sffamily on input line 32.
LaTeX Info: Redefining \ttfamily on input line 32.
LaTeX Info: Redefining \rmfamily on input line 35.
LaTeX Info: Redefining \sffamily on input line 35.
LaTeX Info: Redefining \ttfamily on input line 35.
LaTeX Info: Redefining \rmfamily on input line 37.
LaTeX Info: Redefining \sffamily on input line 37.
LaTeX Info: Redefining \ttfamily on input line 37.
LaTeX Info: Redefining \rmfamily on input line 39.
LaTeX Info: Redefining \sffamily on input line 39.
LaTeX Info: Redefining \ttfamily on input line 39.
LaTeX Info: Redefining \rmfamily on input line 39.
LaTeX Info: Redefining \sffamily on input line 39.
LaTeX Info: Redefining \ttfamily on input line 39.
LaTeX Info: Redefining \rmfamily on input line 39.
LaTeX Info: Redefining \sffamily on input line 39.
LaTeX Info: Redefining \ttfamily on input line 39.
LaTeX Info: Redefining \rmfamily on input line 39.
LaTeX Info: Redefining \sffamily on input line 39.
LaTeX Info: Redefining \ttfamily on input line 39.
LaTeX Info: Redefining \rmfamily on input line 39.
LaTeX Info: Redefining \sffamily on input line 39.
LaTeX Info: Redefining \ttfamily on input line 39.
LaTeX Info: Redefining \rmfamily on input line 41.
LaTeX Info: Redefining \sffamily on input line 41.
LaTeX Info: Redefining \ttfamily on input line 41.
LaTeX Info: Redefining \rmfamily on input line 45.
LaTeX Info: Redefining \sffamily on input line 45.
LaTeX Info: Redefining \ttfamily on input line 45.
LaTeX Info: Redefining \rmfamily on input line 47.
LaTeX Info: Redefining \sffamily on input line 47.
LaTeX Info: Redefining \ttfamily on input line 47.
LaTeX Info: Redefining \rmfamily on input line 47.
LaTeX Info: Redefining \sffamily on input line 47.
LaTeX Info: Redefining \ttfamily on input line 47.
LaTeX Info: Redefining \rmfamily on input line 49.
LaTeX Info: Redefining \sffamily on input line 49.
LaTeX Info: Redefining \ttfamily on input line 49.
LaTeX Info: Redefining \rmfamily on input line 51.
LaTeX Info: Redefining \sffamily on input line 51.
LaTeX Info: Redefining \ttfamily on input line 51.
LaTeX Info: Redefining \rmfamily on input line 51.
LaTeX Info: Redefining \sffamily on input line 51.
LaTeX Info: Redefining \ttfamily on input line 51.
LaTeX Info: Redefining \rmfamily on input line 51.
LaTeX Info: Redefining \sffamily on input line 51.
LaTeX Info: Redefining \ttfamily on input line 51.
LaTeX Info: Redefining \rmfamily on input line 55.
LaTeX Info: Redefining \sffamily on input line 55.
LaTeX Info: Redefining \ttfamily on input line 55.
LaTeX Info: Redefining \rmfamily on input line 57.
LaTeX Info: Redefining \sffamily on input line 57.
LaTeX Info: Redefining \ttfamily on input line 57.
LaTeX Info: Redefining \rmfamily on input line 59.
LaTeX Info: Redefining \sffamily on input line 59.
LaTeX Info: Redefining \ttfamily on input line 59.
LaTeX Info: Redefining \rmfamily on input line 61.
LaTeX Info: Redefining \sffamily on input line 61.
LaTeX Info: Redefining \ttfamily on input line 61.
 [6]
LaTeX Info: Redefining \rmfamily on input line 67.
LaTeX Info: Redefining \sffamily on input line 67.
LaTeX Info: Redefining \ttfamily on input line 67.
LaTeX Info: Redefining \rmfamily on input line 71.
LaTeX Info: Redefining \sffamily on input line 71.
LaTeX Info: Redefining \ttfamily on input line 71.
LaTeX Info: Redefining \rmfamily on input line 73.
LaTeX Info: Redefining \sffamily on input line 73.
LaTeX Info: Redefining \ttfamily on input line 73.
LaTeX Info: Redefining \rmfamily on input line 73.
LaTeX Info: Redefining \sffamily on input line 73.
LaTeX Info: Redefining \ttfamily on input line 73.
LaTeX Info: Redefining \rmfamily on input line 73.
LaTeX Info: Redefining \sffamily on input line 73.
LaTeX Info: Redefining \ttfamily on input line 73.
LaTeX Info: Redefining \rmfamily on input line 75.
LaTeX Info: Redefining \sffamily on input line 75.
LaTeX Info: Redefining \ttfamily on input line 75.
LaTeX Info: Redefining \rmfamily on input line 75.
LaTeX Info: Redefining \sffamily on input line 75.
LaTeX Info: Redefining \ttfamily on input line 75.


Package hyperref Warning: Token not allowed in a PDF string (Unicode):
(hyperref)                removing `\textenglish' on input line 75.

LaTeX Info: Redefining \rmfamily on input line 77.
LaTeX Info: Redefining \sffamily on input line 77.
LaTeX Info: Redefining \ttfamily on input line 77.
LaTeX Info: Redefining \rmfamily on input line 77.
LaTeX Info: Redefining \sffamily on input line 77.
LaTeX Info: Redefining \ttfamily on input line 77.
LaTeX Info: Redefining \rmfamily on input line 79.
LaTeX Info: Redefining \sffamily on input line 79.
LaTeX Info: Redefining \ttfamily on input line 79.
LaTeX Info: Redefining \rmfamily on input line 79.
LaTeX Info: Redefining \sffamily on input line 79.
LaTeX Info: Redefining \ttfamily on input line 79.
LaTeX Info: Redefining \rmfamily on input line 79.
LaTeX Info: Redefining \sffamily on input line 79.
LaTeX Info: Redefining \ttfamily on input line 79.
LaTeX Info: Redefining \rmfamily on input line 79.
LaTeX Info: Redefining \sffamily on input line 79.
LaTeX Info: Redefining \ttfamily on input line 79.
) (./chapters/ch3.tex [7]
פרק 3.
LaTeX Info: Redefining \rmfamily on input line 3.
LaTeX Info: Redefining \sffamily on input line 3.
LaTeX Info: Redefining \ttfamily on input line 3.
LaTeX Info: Redefining \rmfamily on input line 3.
LaTeX Info: Redefining \sffamily on input line 3.
LaTeX Info: Redefining \ttfamily on input line 3.

Package hyperref Warning: Token not allowed in a PDF string (Unicode):
(hyperref)                removing `\textenglish' on input line 3.

LaTeX Info: Redefining \rmfamily on input line 5.
LaTeX Info: Redefining \sffamily on input line 5.
LaTeX Info: Redefining \ttfamily on input line 5.
LaTeX Info: Redefining \rmfamily on input line 5.
LaTeX Info: Redefining \sffamily on input line 5.
LaTeX Info: Redefining \ttfamily on input line 5.
LaTeX Info: Redefining \rmfamily on input line 5.
LaTeX Info: Redefining \sffamily on input line 5.
LaTeX Info: Redefining \ttfamily on input line 5.
LaTeX Info: Redefining \rmfamily on input line 5.
LaTeX Info: Redefining \sffamily on input line 5.
LaTeX Info: Redefining \ttfamily on input line 5.
LaTeX Info: Redefining \rmfamily on input line 5.
LaTeX Info: Redefining \sffamily on input line 5.
LaTeX Info: Redefining \ttfamily on input line 5.
LaTeX Info: Redefining \rmfamily on input line 7.
LaTeX Info: Redefining \sffamily on input line 7.
LaTeX Info: Redefining \ttfamily on input line 7.
LaTeX Info: Redefining \rmfamily on input line 7.
LaTeX Info: Redefining \sffamily on input line 7.
LaTeX Info: Redefining \ttfamily on input line 7.
LaTeX Info: Redefining \rmfamily on input line 9.
LaTeX Info: Redefining \sffamily on input line 9.
LaTeX Info: Redefining \ttfamily on input line 9.
LaTeX Info: Redefining \rmfamily on input line 9.
LaTeX Info: Redefining \sffamily on input line 9.
LaTeX Info: Redefining \ttfamily on input line 9.
LaTeX Info: Redefining \rmfamily on input line 9.
LaTeX Info: Redefining \sffamily on input line 9.
LaTeX Info: Redefining \ttfamily on input line 9.
LaTeX Info: Redefining \rmfamily on input line 13.
LaTeX Info: Redefining \sffamily on input line 13.
LaTeX Info: Redefining \ttfamily on input line 13.
LaTeX Info: Redefining \rmfamily on input line 13.
LaTeX Info: Redefining \sffamily on input line 13.
LaTeX Info: Redefining \ttfamily on input line 13.
LaTeX Info: Redefining \rmfamily on input line 13.
LaTeX Info: Redefining \sffamily on input line 13.
LaTeX Info: Redefining \ttfamily on input line 13.
LaTeX Info: Redefining \rmfamily on input line 16.
LaTeX Info: Redefining \sffamily on input line 16.
LaTeX Info: Redefining \ttfamily on input line 16.
Package polyglossia Info: Option: Hebrew, numerals=arabic.
Package polyglossia Info: Option: Hebrew, calendar=gregorian.
LaTeX Info: Redefining \rmfamily on input line 31.
LaTeX Info: Redefining \sffamily on input line 31.
LaTeX Info: Redefining \ttfamily on input line 31.
LaTeX Info: Redefining \rmfamily on input line 33.
LaTeX Info: Redefining \sffamily on input line 33.
LaTeX Info: Redefining \ttfamily on input line 33.
LaTeX Info: Redefining \rmfamily on input line 33.
LaTeX Info: Redefining \sffamily on input line 33.
LaTeX Info: Redefining \ttfamily on input line 33.
LaTeX Info: Redefining \rmfamily on input line 33.
LaTeX Info: Redefining \sffamily on input line 33.
LaTeX Info: Redefining \ttfamily on input line 33.
LaTeX Info: Redefining \rmfamily on input line 33.
LaTeX Info: Redefining \sffamily on input line 33.
LaTeX Info: Redefining \ttfamily on input line 33.
[8


warning  (pdf backend): ignoring duplicate destination with the name 'table.3.1'

]
LaTeX Info: Redefining \rmfamily on input line 35.
LaTeX Info: Redefining \sffamily on input line 35.
LaTeX Info: Redefining \ttfamily on input line 35.
LaTeX Info: Redefining \rmfamily on input line 37.
LaTeX Info: Redefining \sffamily on input line 37.
LaTeX Info: Redefining \ttfamily on input line 37.
LaTeX Info: Redefining \rmfamily on input line 37.
LaTeX Info: Redefining \sffamily on input line 37.
LaTeX Info: Redefining \ttfamily on input line 37.
LaTeX Info: Redefining \rmfamily on input line 37.
LaTeX Info: Redefining \sffamily on input line 37.
LaTeX Info: Redefining \ttfamily on input line 37.
LaTeX Info: Redefining \rmfamily on input line 37.
LaTeX Info: Redefining \sffamily on input line 37.
LaTeX Info: Redefining \ttfamily on input line 37.
LaTeX Info: Redefining \rmfamily on input line 37.
LaTeX Info: Redefining \sffamily on input line 37.
LaTeX Info: Redefining \ttfamily on input line 37.
LaTeX Info: Redefining \rmfamily on input line 39.
LaTeX Info: Redefining \sffamily on input line 39.
LaTeX Info: Redefining \ttfamily on input line 39.
LaTeX Info: Redefining \rmfamily on input line 41.
LaTeX Info: Redefining \sffamily on input line 41.
LaTeX Info: Redefining \ttfamily on input line 41.
LaTeX Info: Redefining \rmfamily on input line 41.
LaTeX Info: Redefining \sffamily on input line 41.
LaTeX Info: Redefining \ttfamily on input line 41.
LaTeX Info: Redefining \rmfamily on input line 41.
LaTeX Info: Redefining \sffamily on input line 41.
LaTeX Info: Redefining \ttfamily on input line 41.
LaTeX Info: Redefining \rmfamily on input line 47.
LaTeX Info: Redefining \sffamily on input line 47.
LaTeX Info: Redefining \ttfamily on input line 47.
LaTeX Info: Redefining \rmfamily on input line 49.
LaTeX Info: Redefining \sffamily on input line 49.
LaTeX Info: Redefining \ttfamily on input line 49.
LaTeX Info: Redefining \rmfamily on input line 51.
LaTeX Info: Redefining \sffamily on input line 51.
LaTeX Info: Redefining \ttfamily on input line 51.
LaTeX Info: Redefining \rmfamily on input line 51.
LaTeX Info: Redefining \sffamily on input line 51.
LaTeX Info: Redefining \ttfamily on input line 51.
LaTeX Info: Redefining \rmfamily on input line 51.
LaTeX Info: Redefining \sffamily on input line 51.
LaTeX Info: Redefining \ttfamily on input line 51.
LaTeX Info: Redefining \rmfamily on input line 51.
LaTeX Info: Redefining \sffamily on input line 51.
LaTeX Info: Redefining \ttfamily on input line 51.
) (./chapters/ch4.tex [9]
פרק 4.
LaTeX Info: Redefining \rmfamily on input line 3.
LaTeX Info: Redefining \sffamily on input line 3.
LaTeX Info: Redefining \ttfamily on input line 3.
LaTeX Info: Redefining \rmfamily on input line 3.
LaTeX Info: Redefining \sffamily on input line 3.
LaTeX Info: Redefining \ttfamily on input line 3.

Package hyperref Warning: Token not allowed in a PDF string (Unicode):
(hyperref)                removing `\textenglish' on input line 3.

LaTeX Info: Redefining \rmfamily on input line 5.
LaTeX Info: Redefining \sffamily on input line 5.
LaTeX Info: Redefining \ttfamily on input line 5.
LaTeX Info: Redefining \rmfamily on input line 5.
LaTeX Info: Redefining \sffamily on input line 5.
LaTeX Info: Redefining \ttfamily on input line 5.
LaTeX Info: Redefining \rmfamily on input line 7.
LaTeX Info: Redefining \sffamily on input line 7.
LaTeX Info: Redefining \ttfamily on input line 7.
LaTeX Info: Redefining \rmfamily on input line 10.
LaTeX Info: Redefining \sffamily on input line 10.
LaTeX Info: Redefining \ttfamily on input line 10.
LaTeX Info: Redefining \rmfamily on input line 12.
LaTeX Info: Redefining \sffamily on input line 12.
LaTeX Info: Redefining \ttfamily on input line 12.
LaTeX Info: Redefining \rmfamily on input line 14.
LaTeX Info: Redefining \sffamily on input line 14.
LaTeX Info: Redefining \ttfamily on input line 14.
LaTeX Info: Redefining \rmfamily on input line 17.
LaTeX Info: Redefining \sffamily on input line 17.
LaTeX Info: Redefining \ttfamily on input line 17.
LaTeX Info: Redefining \rmfamily on input line 24.
LaTeX Info: Redefining \sffamily on input line 24.
LaTeX Info: Redefining \ttfamily on input line 24.
LaTeX Info: Redefining \rmfamily on input line 24.
LaTeX Info: Redefining \sffamily on input line 24.
LaTeX Info: Redefining \ttfamily on input line 24.
LaTeX Info: Redefining \rmfamily on input line 25.
LaTeX Info: Redefining \sffamily on input line 25.
LaTeX Info: Redefining \ttfamily on input line 25.
LaTeX Info: Redefining \rmfamily on input line 26.
LaTeX Info: Redefining \sffamily on input line 26.
LaTeX Info: Redefining \ttfamily on input line 26.
LaTeX Info: Redefining \rmfamily on input line 29.
LaTeX Info: Redefining \sffamily on input line 29.
LaTeX Info: Redefining \ttfamily on input line 29.
LaTeX Info: Redefining \rmfamily on input line 29.
LaTeX Info: Redefining \sffamily on input line 29.
LaTeX Info: Redefining \ttfamily on input line 29.
LaTeX Info: Redefining \rmfamily on input line 31.
LaTeX Info: Redefining \sffamily on input line 31.
LaTeX Info: Redefining \ttfamily on input line 31.
LaTeX Info: Redefining \rmfamily on input line 31.
LaTeX Info: Redefining \sffamily on input line 31.
LaTeX Info: Redefining \ttfamily on input line 31.

Package hyperref Warning: Token not allowed in a PDF string (Unicode):
(hyperref)                removing `\textenglish' on input line 31.

LaTeX Info: Redefining \rmfamily on input line 33.
LaTeX Info: Redefining \sffamily on input line 33.
LaTeX Info: Redefining \ttfamily on input line 33.
LaTeX Info: Redefining \rmfamily on input line 33.
LaTeX Info: Redefining \sffamily on input line 33.
LaTeX Info: Redefining \ttfamily on input line 33.
LaTeX Info: Redefining \rmfamily on input line 33.
LaTeX Info: Redefining \sffamily on input line 33.
LaTeX Info: Redefining \ttfamily on input line 33.
[10

]
LaTeX Info: Redefining \rmfamily on input line 35.
LaTeX Info: Redefining \sffamily on input line 35.
LaTeX Info: Redefining \ttfamily on input line 35.
LaTeX Info: Redefining \rmfamily on input line 37.
LaTeX Info: Redefining \sffamily on input line 37.
LaTeX Info: Redefining \ttfamily on input line 37.
LaTeX Info: Redefining \rmfamily on input line 40.
LaTeX Info: Redefining \sffamily on input line 40.
LaTeX Info: Redefining \ttfamily on input line 40.
LaTeX Info: Redefining \rmfamily on input line 40.
LaTeX Info: Redefining \sffamily on input line 40.
LaTeX Info: Redefining \ttfamily on input line 40.
LaTeX Info: Redefining \rmfamily on input line 40.
LaTeX Info: Redefining \sffamily on input line 40.
LaTeX Info: Redefining \ttfamily on input line 40.
LaTeX Info: Redefining \rmfamily on input line 40.
LaTeX Info: Redefining \sffamily on input line 40.
LaTeX Info: Redefining \ttfamily on input line 40.
LaTeX Info: Redefining \rmfamily on input line 42.
LaTeX Info: Redefining \sffamily on input line 42.
LaTeX Info: Redefining \ttfamily on input line 42.
LaTeX Info: Redefining \rmfamily on input line 42.
LaTeX Info: Redefining \sffamily on input line 42.
LaTeX Info: Redefining \ttfamily on input line 42.
LaTeX Info: Redefining \rmfamily on input line 42.
LaTeX Info: Redefining \sffamily on input line 42.
LaTeX Info: Redefining \ttfamily on input line 42.
LaTeX Info: Redefining \rmfamily on input line 44.
LaTeX Info: Redefining \sffamily on input line 44.
LaTeX Info: Redefining \ttfamily on input line 44.
LaTeX Info: Redefining \rmfamily on input line 44.
LaTeX Info: Redefining \sffamily on input line 44.
LaTeX Info: Redefining \ttfamily on input line 44.
LaTeX Info: Redefining \rmfamily on input line 44.
LaTeX Info: Redefining \sffamily on input line 44.
LaTeX Info: Redefining \ttfamily on input line 44.
LaTeX Info: Redefining \rmfamily on input line 47.
LaTeX Info: Redefining \sffamily on input line 47.
LaTeX Info: Redefining \ttfamily on input line 47.
LaTeX Info: Redefining \rmfamily on input line 49.
LaTeX Info: Redefining \sffamily on input line 49.
LaTeX Info: Redefining \ttfamily on input line 49.
LaTeX Info: Redefining \rmfamily on input line 49.
LaTeX Info: Redefining \sffamily on input line 49.
LaTeX Info: Redefining \ttfamily on input line 49.
LaTeX Info: Redefining \rmfamily on input line 51.
LaTeX Info: Redefining \sffamily on input line 51.
LaTeX Info: Redefining \ttfamily on input line 51.
LaTeX Info: Redefining \rmfamily on input line 51.
LaTeX Info: Redefining \sffamily on input line 51.
LaTeX Info: Redefining \ttfamily on input line 51.
LaTeX Info: Redefining \rmfamily on input line 51.
LaTeX Info: Redefining \sffamily on input line 51.
LaTeX Info: Redefining \ttfamily on input line 51.
LaTeX Info: Redefining \rmfamily on input line 51.
LaTeX Info: Redefining \sffamily on input line 51.
LaTeX Info: Redefining \ttfamily on input line 51.
LaTeX Info: Redefining \rmfamily on input line 51.
LaTeX Info: Redefining \sffamily on input line 51.
LaTeX Info: Redefining \ttfamily on input line 51.
LaTeX Info: Redefining \rmfamily on input line 51.
LaTeX Info: Redefining \sffamily on input line 51.
LaTeX Info: Redefining \ttfamily on input line 51.
LaTeX Info: Redefining \rmfamily on input line 51.
LaTeX Info: Redefining \sffamily on input line 51.
LaTeX Info: Redefining \ttfamily on input line 51.
LaTeX Info: Redefining \rmfamily on input line 51.
LaTeX Info: Redefining \sffamily on input line 51.
LaTeX Info: Redefining \ttfamily on input line 51.
LaTeX Info: Redefining \rmfamily on input line 53.
LaTeX Info: Redefining \sffamily on input line 53.
LaTeX Info: Redefining \ttfamily on input line 53.
LaTeX Info: Redefining \rmfamily on input line 58.
LaTeX Info: Redefining \sffamily on input line 58.
LaTeX Info: Redefining \ttfamily on input line 58.
LaTeX Info: Redefining \rmfamily on input line 58.
LaTeX Info: Redefining \sffamily on input line 58.
LaTeX Info: Redefining \ttfamily on input line 58.
LaTeX Info: Redefining \rmfamily on input line 58.
LaTeX Info: Redefining \sffamily on input line 58.
LaTeX Info: Redefining \ttfamily on input line 58.
LaTeX Info: Redefining \rmfamily on input line 59.
LaTeX Info: Redefining \sffamily on input line 59.
LaTeX Info: Redefining \ttfamily on input line 59.
LaTeX Info: Redefining \rmfamily on input line 60.
LaTeX Info: Redefining \sffamily on input line 60.
LaTeX Info: Redefining \ttfamily on input line 60.
LaTeX Info: Redefining \rmfamily on input line 60.
LaTeX Info: Redefining \sffamily on input line 60.
LaTeX Info: Redefining \ttfamily on input line 60.
LaTeX Info: Redefining \rmfamily on input line 60.
LaTeX Info: Redefining \sffamily on input line 60.
LaTeX Info: Redefining \ttfamily on input line 60.
LaTeX Info: Redefining \rmfamily on input line 66.
LaTeX Info: Redefining \sffamily on input line 66.
LaTeX Info: Redefining \ttfamily on input line 66.
LaTeX Info: Redefining \rmfamily on input line 67.
LaTeX Info: Redefining \sffamily on input line 67.
LaTeX Info: Redefining \ttfamily on input line 67.
LaTeX Info: Redefining \rmfamily on input line 67.
LaTeX Info: Redefining \sffamily on input line 67.
LaTeX Info: Redefining \ttfamily on input line 67.
) (./chapters/ch5.tex [11]
פרק 5.
LaTeX Info: Redefining \rmfamily on input line 3.
LaTeX Info: Redefining \sffamily on input line 3.
LaTeX Info: Redefining \ttfamily on input line 3.
LaTeX Info: Redefining \rmfamily on input line 5.
LaTeX Info: Redefining \sffamily on input line 5.
LaTeX Info: Redefining \ttfamily on input line 5.
LaTeX Info: Redefining \rmfamily on input line 7.
LaTeX Info: Redefining \sffamily on input line 7.
LaTeX Info: Redefining \ttfamily on input line 7.
LaTeX Info: Redefining \rmfamily on input line 9.
LaTeX Info: Redefining \sffamily on input line 9.
LaTeX Info: Redefining \ttfamily on input line 9.
LaTeX Info: Redefining \rmfamily on input line 9.
LaTeX Info: Redefining \sffamily on input line 9.
LaTeX Info: Redefining \ttfamily on input line 9.
LaTeX Info: Redefining \rmfamily on input line 9.
LaTeX Info: Redefining \sffamily on input line 9.
LaTeX Info: Redefining \ttfamily on input line 9.
LaTeX Info: Redefining \rmfamily on input line 11.
LaTeX Info: Redefining \sffamily on input line 11.
LaTeX Info: Redefining \ttfamily on input line 11.
LaTeX Info: Redefining \rmfamily on input line 11.
LaTeX Info: Redefining \sffamily on input line 11.
LaTeX Info: Redefining \ttfamily on input line 11.
LaTeX Info: Redefining \rmfamily on input line 11.
LaTeX Info: Redefining \sffamily on input line 11.
LaTeX Info: Redefining \ttfamily on input line 11.

Package hyperref Warning: Token not allowed in a PDF string (Unicode):
(hyperref)                removing `\textenglish' on input line 11.


Package hyperref Warning: Token not allowed in a PDF string (Unicode):
(hyperref)                removing `\textenglish' on input line 11.

LaTeX Info: Redefining \rmfamily on input line 13.
LaTeX Info: Redefining \sffamily on input line 13.
LaTeX Info: Redefining \ttfamily on input line 13.
LaTeX Info: Redefining \rmfamily on input line 13.
LaTeX Info: Redefining \sffamily on input line 13.
LaTeX Info: Redefining \ttfamily on input line 13.
LaTeX Info: Redefining \rmfamily on input line 13.
LaTeX Info: Redefining \sffamily on input line 13.
LaTeX Info: Redefining \ttfamily on input line 13.
LaTeX Info: Redefining \rmfamily on input line 13.
LaTeX Info: Redefining \sffamily on input line 13.
LaTeX Info: Redefining \ttfamily on input line 13.
LaTeX Info: Redefining \rmfamily on input line 13.
LaTeX Info: Redefining \sffamily on input line 13.
LaTeX Info: Redefining \ttfamily on input line 13.
LaTeX Info: Redefining \rmfamily on input line 13.
LaTeX Info: Redefining \sffamily on input line 13.
LaTeX Info: Redefining \ttfamily on input line 13.
LaTeX Info: Redefining \rmfamily on input line 15.
LaTeX Info: Redefining \sffamily on input line 15.
LaTeX Info: Redefining \ttfamily on input line 15.
LaTeX Info: Redefining \rmfamily on input line 15.
LaTeX Info: Redefining \sffamily on input line 15.
LaTeX Info: Redefining \ttfamily on input line 15.
LaTeX Info: Redefining \rmfamily on input line 15.
LaTeX Info: Redefining \sffamily on input line 15.
LaTeX Info: Redefining \ttfamily on input line 15.
LaTeX Info: Redefining \rmfamily on input line 17.
LaTeX Info: Redefining \sffamily on input line 17.
LaTeX Info: Redefining \ttfamily on input line 17.
LaTeX Info: Redefining \rmfamily on input line 17.
LaTeX Info: Redefining \sffamily on input line 17.
LaTeX Info: Redefining \ttfamily on input line 17.
LaTeX Info: Redefining \rmfamily on input line 17.
LaTeX Info: Redefining \sffamily on input line 17.
LaTeX Info: Redefining \ttfamily on input line 17.
LaTeX Info: Redefining \rmfamily on input line 17.
LaTeX Info: Redefining \sffamily on input line 17.
LaTeX Info: Redefining \ttfamily on input line 17.
LaTeX Info: Redefining \rmfamily on input line 19.
LaTeX Info: Redefining \sffamily on input line 19.
LaTeX Info: Redefining \ttfamily on input line 19.
[12

]
LaTeX Info: Redefining \rmfamily on input line 21.
LaTeX Info: Redefining \sffamily on input line 21.
LaTeX Info: Redefining \ttfamily on input line 21.
LaTeX Info: Redefining \rmfamily on input line 23.
LaTeX Info: Redefining \sffamily on input line 23.
LaTeX Info: Redefining \ttfamily on input line 23.
LaTeX Info: Redefining \rmfamily on input line 23.
LaTeX Info: Redefining \sffamily on input line 23.
LaTeX Info: Redefining \ttfamily on input line 23.
LaTeX Info: Redefining \rmfamily on input line 23.
LaTeX Info: Redefining \sffamily on input line 23.
LaTeX Info: Redefining \ttfamily on input line 23.
LaTeX Info: Redefining \rmfamily on input line 23.
LaTeX Info: Redefining \sffamily on input line 23.
LaTeX Info: Redefining \ttfamily on input line 23.
LaTeX Info: Redefining \rmfamily on input line 23.
LaTeX Info: Redefining \sffamily on input line 23.
LaTeX Info: Redefining \ttfamily on input line 23.
LaTeX Info: Redefining \rmfamily on input line 25.
LaTeX Info: Redefining \sffamily on input line 25.
LaTeX Info: Redefining \ttfamily on input line 25.
LaTeX Info: Redefining \rmfamily on input line 25.
LaTeX Info: Redefining \sffamily on input line 25.
LaTeX Info: Redefining \ttfamily on input line 25.
LaTeX Info: Redefining \rmfamily on input line 25.
LaTeX Info: Redefining \sffamily on input line 25.
LaTeX Info: Redefining \ttfamily on input line 25.
LaTeX Info: Redefining \rmfamily on input line 25.
LaTeX Info: Redefining \sffamily on input line 25.
LaTeX Info: Redefining \ttfamily on input line 25.
LaTeX Info: Redefining \rmfamily on input line 25.
LaTeX Info: Redefining \sffamily on input line 25.
LaTeX Info: Redefining \ttfamily on input line 25.
LaTeX Info: Redefining \rmfamily on input line 25.
LaTeX Info: Redefining \sffamily on input line 25.
LaTeX Info: Redefining \ttfamily on input line 25.
LaTeX Info: Redefining \rmfamily on input line 25.
LaTeX Info: Redefining \sffamily on input line 25.
LaTeX Info: Redefining \ttfamily on input line 25.
LaTeX Info: Redefining \rmfamily on input line 25.
LaTeX Info: Redefining \sffamily on input line 25.
LaTeX Info: Redefining \ttfamily on input line 25.
LaTeX Info: Redefining \rmfamily on input line 25.
LaTeX Info: Redefining \sffamily on input line 25.
LaTeX Info: Redefining \ttfamily on input line 25.
LaTeX Info: Redefining \rmfamily on input line 29.
LaTeX Info: Redefining \sffamily on input line 29.
LaTeX Info: Redefining \ttfamily on input line 29.
LaTeX Info: Redefining \rmfamily on input line 29.
LaTeX Info: Redefining \sffamily on input line 29.
LaTeX Info: Redefining \ttfamily on input line 29.
) (./chapters/ch6.tex [13]
פרק 6.
LaTeX Info: Redefining \rmfamily on input line 3.
LaTeX Info: Redefining \sffamily on input line 3.
LaTeX Info: Redefining \ttfamily on input line 3.
LaTeX Info: Redefining \rmfamily on input line 7.
LaTeX Info: Redefining \sffamily on input line 7.
LaTeX Info: Redefining \ttfamily on input line 7.
LaTeX Info: Redefining \rmfamily on input line 7.
LaTeX Info: Redefining \sffamily on input line 7.
LaTeX Info: Redefining \ttfamily on input line 7.
LaTeX Info: Redefining \rmfamily on input line 11.
LaTeX Info: Redefining \sffamily on input line 11.
LaTeX Info: Redefining \ttfamily on input line 11.
LaTeX Info: Redefining \rmfamily on input line 13.
LaTeX Info: Redefining \sffamily on input line 13.
LaTeX Info: Redefining \ttfamily on input line 13.
LaTeX Info: Redefining \rmfamily on input line 15.
LaTeX Info: Redefining \sffamily on input line 15.
LaTeX Info: Redefining \ttfamily on input line 15.
LaTeX Info: Redefining \rmfamily on input line 19.
LaTeX Info: Redefining \sffamily on input line 19.
LaTeX Info: Redefining \ttfamily on input line 19.
LaTeX Info: Redefining \rmfamily on input line 21.
LaTeX Info: Redefining \sffamily on input line 21.
LaTeX Info: Redefining \ttfamily on input line 21.
LaTeX Info: Redefining \rmfamily on input line 21.
LaTeX Info: Redefining \sffamily on input line 21.
LaTeX Info: Redefining \ttfamily on input line 21.
LaTeX Info: Redefining \rmfamily on input line 23.
LaTeX Info: Redefining \sffamily on input line 23.
LaTeX Info: Redefining \ttfamily on input line 23.
LaTeX Info: Redefining \rmfamily on input line 23.
LaTeX Info: Redefining \sffamily on input line 23.
LaTeX Info: Redefining \ttfamily on input line 23.
LaTeX Info: Redefining \rmfamily on input line 25.
LaTeX Info: Redefining \sffamily on input line 25.
LaTeX Info: Redefining \ttfamily on input line 25.
LaTeX Info: Redefining \rmfamily on input line 25.
LaTeX Info: Redefining \sffamily on input line 25.
LaTeX Info: Redefining \ttfamily on input line 25.
LaTeX Info: Redefining \rmfamily on input line 27.
LaTeX Info: Redefining \sffamily on input line 27.
LaTeX Info: Redefining \ttfamily on input line 27.
LaTeX Info: Redefining \rmfamily on input line 29.
LaTeX Info: Redefining \sffamily on input line 29.
LaTeX Info: Redefining \ttfamily on input line 29.
LaTeX Info: Redefining \rmfamily on input line 29.
LaTeX Info: Redefining \sffamily on input line 29.
LaTeX Info: Redefining \ttfamily on input line 29.
LaTeX Info: Redefining \rmfamily on input line 29.
LaTeX Info: Redefining \sffamily on input line 29.
LaTeX Info: Redefining \ttfamily on input line 29.
[14

]
LaTeX Info: Redefining \rmfamily on input line 33.
LaTeX Info: Redefining \sffamily on input line 33.
LaTeX Info: Redefining \ttfamily on input line 33.
LaTeX Info: Redefining \rmfamily on input line 33.
LaTeX Info: Redefining \sffamily on input line 33.
LaTeX Info: Redefining \ttfamily on input line 33.
LaTeX Info: Redefining \rmfamily on input line 37.
LaTeX Info: Redefining \sffamily on input line 37.
LaTeX Info: Redefining \ttfamily on input line 37.
LaTeX Info: Redefining \rmfamily on input line 37.
LaTeX Info: Redefining \sffamily on input line 37.
LaTeX Info: Redefining \ttfamily on input line 37.
LaTeX Info: Redefining \rmfamily on input line 37.
LaTeX Info: Redefining \sffamily on input line 37.
LaTeX Info: Redefining \ttfamily on input line 37.
LaTeX Info: Redefining \rmfamily on input line 37.
LaTeX Info: Redefining \sffamily on input line 37.
LaTeX Info: Redefining \ttfamily on input line 37.
LaTeX Info: Redefining \rmfamily on input line 39.
LaTeX Info: Redefining \sffamily on input line 39.
LaTeX Info: Redefining \ttfamily on input line 39.
LaTeX Info: Redefining \rmfamily on input line 39.
LaTeX Info: Redefining \sffamily on input line 39.
LaTeX Info: Redefining \ttfamily on input line 39.
LaTeX Info: Redefining \rmfamily on input line 39.
LaTeX Info: Redefining \sffamily on input line 39.
LaTeX Info: Redefining \ttfamily on input line 39.
LaTeX Info: Redefining \rmfamily on input line 41.
LaTeX Info: Redefining \sffamily on input line 41.
LaTeX Info: Redefining \ttfamily on input line 41.
LaTeX Info: Redefining \rmfamily on input line 41.
LaTeX Info: Redefining \sffamily on input line 41.
LaTeX Info: Redefining \ttfamily on input line 41.
LaTeX Info: Redefining \rmfamily on input line 41.
LaTeX Info: Redefining \sffamily on input line 41.
LaTeX Info: Redefining \ttfamily on input line 41.
LaTeX Info: Redefining \rmfamily on input line 43.
LaTeX Info: Redefining \sffamily on input line 43.
LaTeX Info: Redefining \ttfamily on input line 43.
) [15]
LaTeX Info: Redefining \rmfamily on input line 175.
LaTeX Info: Redefining \sffamily on input line 175.
LaTeX Info: Redefining \ttfamily on input line 175.
LaTeX Info: Redefining \rmfamily on input line 176.
LaTeX Info: Redefining \sffamily on input line 176.
LaTeX Info: Redefining \ttfamily on input line 176.
LaTeX Info: Redefining \rmfamily on input line 176.
LaTeX Info: Redefining \sffamily on input line 176.
LaTeX Info: Redefining \ttfamily on input line 176.
LaTeX Info: Redefining \rmfamily on input line 176.
LaTeX Info: Redefining \sffamily on input line 176.
LaTeX Info: Redefining \ttfamily on input line 176.
LaTeX Info: Redefining \rmfamily on input line 176.
LaTeX Info: Redefining \sffamily on input line 176.
LaTeX Info: Redefining \ttfamily on input line 176.
LaTeX Info: Redefining \rmfamily on input line 176.
LaTeX Info: Redefining \sffamily on input line 176.
LaTeX Info: Redefining \ttfamily on input line 176.
LaTeX Info: Redefining \rmfamily on input line 176.
LaTeX Info: Redefining \sffamily on input line 176.
LaTeX Info: Redefining \ttfamily on input line 176.
LaTeX Info: Redefining \rmfamily on input line 176.
LaTeX Info: Redefining \sffamily on input line 176.
LaTeX Info: Redefining \ttfamily on input line 176.
LaTeX Info: Redefining \rmfamily on input line 176.
LaTeX Info: Redefining \sffamily on input line 176.
LaTeX Info: Redefining \ttfamily on input line 176.
LaTeX Info: Redefining \rmfamily on input line 176.
LaTeX Info: Redefining \sffamily on input line 176.
LaTeX Info: Redefining \ttfamily on input line 176.
LaTeX Info: Redefining \rmfamily on input line 176.
LaTeX Info: Redefining \sffamily on input line 176.
LaTeX Info: Redefining \ttfamily on input line 176.
LaTeX Info: Redefining \rmfamily on input line 176.
LaTeX Info: Redefining \sffamily on input line 176.
LaTeX Info: Redefining \ttfamily on input line 176.
LaTeX Info: Redefining \rmfamily on input line 176.
LaTeX Info: Redefining \sffamily on input line 176.
LaTeX Info: Redefining \ttfamily on input line 176.
LaTeX Info: Redefining \rmfamily on input line 176.
LaTeX Info: Redefining \sffamily on input line 176.
LaTeX Info: Redefining \ttfamily on input line 176.
LaTeX Info: Redefining \rmfamily on input line 176.
LaTeX Info: Redefining \sffamily on input line 176.
LaTeX Info: Redefining \ttfamily on input line 176.
LaTeX Info: Redefining \rmfamily on input line 176.
LaTeX Info: Redefining \sffamily on input line 176.
LaTeX Info: Redefining \ttfamily on input line 176.
LaTeX Info: Redefining \rmfamily on input line 176.
LaTeX Info: Redefining \sffamily on input line 176.
LaTeX Info: Redefining \ttfamily on input line 176.
LaTeX Info: Redefining \rmfamily on input line 176.
LaTeX Info: Redefining \sffamily on input line 176.
LaTeX Info: Redefining \ttfamily on input line 176.
LaTeX Info: Redefining \rmfamily on input line 176.
LaTeX Info: Redefining \sffamily on input line 176.
LaTeX Info: Redefining \ttfamily on input line 176.
LaTeX Info: Redefining \rmfamily on input line 176.
LaTeX Info: Redefining \sffamily on input line 176.
LaTeX Info: Redefining \ttfamily on input line 176.
LaTeX Info: Redefining \rmfamily on input line 176.
LaTeX Info: Redefining \sffamily on input line 176.
LaTeX Info: Redefining \ttfamily on input line 176.
LaTeX Info: Redefining \rmfamily on input line 176.
LaTeX Info: Redefining \sffamily on input line 176.
LaTeX Info: Redefining \ttfamily on input line 176.
LaTeX Info: Redefining \rmfamily on input line 176.
LaTeX Info: Redefining \sffamily on input line 176.
LaTeX Info: Redefining \ttfamily on input line 176.
LaTeX Info: Redefining \rmfamily on input line 176.
LaTeX Info: Redefining \sffamily on input line 176.
LaTeX Info: Redefining \ttfamily on input line 176.
LaTeX Info: Redefining \rmfamily on input line 176.
LaTeX Info: Redefining \sffamily on input line 176.
LaTeX Info: Redefining \ttfamily on input line 176.
LaTeX Info: Redefining \rmfamily on input line 176.
LaTeX Info: Redefining \sffamily on input line 176.
LaTeX Info: Redefining \ttfamily on input line 176.
LaTeX Info: Redefining \rmfamily on input line 176.
LaTeX Info: Redefining \sffamily on input line 176.
LaTeX Info: Redefining \ttfamily on input line 176.
LaTeX Info: Redefining \rmfamily on input line 176.
LaTeX Info: Redefining \sffamily on input line 176.
LaTeX Info: Redefining \ttfamily on input line 176.
LaTeX Info: Redefining \rmfamily on input line 176.
LaTeX Info: Redefining \sffamily on input line 176.
LaTeX Info: Redefining \ttfamily on input line 176.
LaTeX Info: Redefining \rmfamily on input line 176.
LaTeX Info: Redefining \sffamily on input line 176.
LaTeX Info: Redefining \ttfamily on input line 176.
LaTeX Info: Redefining \rmfamily on input line 176.
LaTeX Info: Redefining \sffamily on input line 176.
LaTeX Info: Redefining \ttfamily on input line 176.
LaTeX Info: Redefining \rmfamily on input line 176.
LaTeX Info: Redefining \sffamily on input line 176.
LaTeX Info: Redefining \ttfamily on input line 176.
LaTeX Info: Redefining \rmfamily on input line 176.
LaTeX Info: Redefining \sffamily on input line 176.
LaTeX Info: Redefining \ttfamily on input line 176.
LaTeX Info: Redefining \rmfamily on input line 176.
LaTeX Info: Redefining \sffamily on input line 176.
LaTeX Info: Redefining \ttfamily on input line 176.
LaTeX Info: Redefining \rmfamily on input line 176.
LaTeX Info: Redefining \sffamily on input line 176.
LaTeX Info: Redefining \ttfamily on input line 176.
LaTeX Info: Redefining \rmfamily on input line 176.
LaTeX Info: Redefining \sffamily on input line 176.
LaTeX Info: Redefining \ttfamily on input line 176.
LaTeX Info: Redefining \rmfamily on input line 176.
LaTeX Info: Redefining \sffamily on input line 176.
LaTeX Info: Redefining \ttfamily on input line 176.
LaTeX Info: Redefining \rmfamily on input line 176.
LaTeX Info: Redefining \sffamily on input line 176.
LaTeX Info: Redefining \ttfamily on input line 176.
LaTeX Info: Redefining \rmfamily on input line 176.
LaTeX Info: Redefining \sffamily on input line 176.
LaTeX Info: Redefining \ttfamily on input line 176.
LaTeX Info: Redefining \rmfamily on input line 176.
LaTeX Info: Redefining \sffamily on input line 176.
LaTeX Info: Redefining \ttfamily on input line 176.
LaTeX Info: Redefining \rmfamily on input line 176.
LaTeX Info: Redefining \sffamily on input line 176.
LaTeX Info: Redefining \ttfamily on input line 176.
LaTeX Info: Redefining \rmfamily on input line 176.
LaTeX Info: Redefining \sffamily on input line 176.
LaTeX Info: Redefining \ttfamily on input line 176.
LaTeX Info: Redefining \rmfamily on input line 176.
LaTeX Info: Redefining \sffamily on input line 176.
LaTeX Info: Redefining \ttfamily on input line 176.
LaTeX Info: Redefining \rmfamily on input line 176.
LaTeX Info: Redefining \sffamily on input line 176.
LaTeX Info: Redefining \ttfamily on input line 176.
LaTeX Info: Redefining \rmfamily on input line 176.
LaTeX Info: Redefining \sffamily on input line 176.
LaTeX Info: Redefining \ttfamily on input line 176.
LaTeX Info: Redefining \rmfamily on input line 176.
LaTeX Info: Redefining \sffamily on input line 176.
LaTeX Info: Redefining \ttfamily on input line 176.
LaTeX Info: Redefining \rmfamily on input line 176.
LaTeX Info: Redefining \sffamily on input line 176.
LaTeX Info: Redefining \ttfamily on input line 176.
LaTeX Info: Redefining \rmfamily on input line 176.
LaTeX Info: Redefining \sffamily on input line 176.
LaTeX Info: Redefining \ttfamily on input line 176.
LaTeX Info: Redefining \rmfamily on input line 176.
LaTeX Info: Redefining \sffamily on input line 176.
LaTeX Info: Redefining \ttfamily on input line 176.
LaTeX Info: Redefining \rmfamily on input line 176.
LaTeX Info: Redefining \sffamily on input line 176.
LaTeX Info: Redefining \ttfamily on input line 176.
LaTeX Info: Redefining \rmfamily on input line 176.
LaTeX Info: Redefining \sffamily on input line 176.
LaTeX Info: Redefining \ttfamily on input line 176.
LaTeX Info: Redefining \rmfamily on input line 176.
LaTeX Info: Redefining \sffamily on input line 176.
LaTeX Info: Redefining \ttfamily on input line 176.
LaTeX Info: Redefining \rmfamily on input line 176.
LaTeX Info: Redefining \sffamily on input line 176.
LaTeX Info: Redefining \ttfamily on input line 176.
LaTeX Info: Redefining \rmfamily on input line 176.
LaTeX Info: Redefining \sffamily on input line 176.
LaTeX Info: Redefining \ttfamily on input line 176.
LaTeX Info: Redefining \rmfamily on input line 176.
LaTeX Info: Redefining \sffamily on input line 176.
LaTeX Info: Redefining \ttfamily on input line 176.
LaTeX Info: Redefining \rmfamily on input line 176.
LaTeX Info: Redefining \sffamily on input line 176.
LaTeX Info: Redefining \ttfamily on input line 176.
LaTeX Info: Redefining \rmfamily on input line 176.
LaTeX Info: Redefining \sffamily on input line 176.
LaTeX Info: Redefining \ttfamily on input line 176.
LaTeX Info: Redefining \rmfamily on input line 176.
LaTeX Info: Redefining \sffamily on input line 176.
LaTeX Info: Redefining \ttfamily on input line 176.
LaTeX Info: Redefining \rmfamily on input line 176.
LaTeX Info: Redefining \sffamily on input line 176.
LaTeX Info: Redefining \ttfamily on input line 176.
LaTeX Info: Redefining \rmfamily on input line 176.
LaTeX Info: Redefining \sffamily on input line 176.
LaTeX Info: Redefining \ttfamily on input line 176.
LaTeX Info: Redefining \rmfamily on input line 176.
LaTeX Info: Redefining \sffamily on input line 176.
LaTeX Info: Redefining \ttfamily on input line 176.
LaTeX Info: Redefining \rmfamily on input line 176.
LaTeX Info: Redefining \sffamily on input line 176.
LaTeX Info: Redefining \ttfamily on input line 176.
LaTeX Info: Redefining \rmfamily on input line 176.
LaTeX Info: Redefining \sffamily on input line 176.
LaTeX Info: Redefining \ttfamily on input line 176.
LaTeX Info: Redefining \rmfamily on input line 176.
LaTeX Info: Redefining \sffamily on input line 176.
LaTeX Info: Redefining \ttfamily on input line 176.
LaTeX Info: Redefining \rmfamily on input line 176.
LaTeX Info: Redefining \sffamily on input line 176.
LaTeX Info: Redefining \ttfamily on input line 176.
LaTeX Info: Redefining \rmfamily on input line 176.
LaTeX Info: Redefining \sffamily on input line 176.
LaTeX Info: Redefining \ttfamily on input line 176.
LaTeX Info: Redefining \rmfamily on input line 176.
LaTeX Info: Redefining \sffamily on input line 176.
LaTeX Info: Redefining \ttfamily on input line 176.
LaTeX Info: Redefining \rmfamily on input line 176.
LaTeX Info: Redefining \sffamily on input line 176.
LaTeX Info: Redefining \ttfamily on input line 176.
LaTeX Info: Redefining \rmfamily on input line 176.
LaTeX Info: Redefining \sffamily on input line 176.
LaTeX Info: Redefining \ttfamily on input line 176.
LaTeX Info: Redefining \rmfamily on input line 176.
LaTeX Info: Redefining \sffamily on input line 176.
LaTeX Info: Redefining \ttfamily on input line 176.
LaTeX Info: Redefining \rmfamily on input line 176.
LaTeX Info: Redefining \sffamily on input line 176.
LaTeX Info: Redefining \ttfamily on input line 176.
LaTeX Info: Redefining \rmfamily on input line 176.
LaTeX Info: Redefining \sffamily on input line 176.
LaTeX Info: Redefining \ttfamily on input line 176.
LaTeX Info: Redefining \rmfamily on input line 176.
LaTeX Info: Redefining \sffamily on input line 176.
LaTeX Info: Redefining \ttfamily on input line 176.
LaTeX Info: Redefining \rmfamily on input line 176.
LaTeX Info: Redefining \sffamily on input line 176.
LaTeX Info: Redefining \ttfamily on input line 176.
LaTeX Info: Redefining \rmfamily on input line 176.
LaTeX Info: Redefining \sffamily on input line 176.
LaTeX Info: Redefining \ttfamily on input line 176.
LaTeX Info: Redefining \rmfamily on input line 176.
LaTeX Info: Redefining \sffamily on input line 176.
LaTeX Info: Redefining \ttfamily on input line 176.
LaTeX Info: Redefining \rmfamily on input line 176.
LaTeX Info: Redefining \sffamily on input line 176.
LaTeX Info: Redefining \ttfamily on input line 176.
LaTeX Info: Redefining \rmfamily on input line 176.
LaTeX Info: Redefining \sffamily on input line 176.
LaTeX Info: Redefining \ttfamily on input line 176.
LaTeX Info: Redefining \rmfamily on input line 176.
LaTeX Info: Redefining \sffamily on input line 176.
LaTeX Info: Redefining \ttfamily on input line 176.
LaTeX Info: Redefining \rmfamily on input line 176.
LaTeX Info: Redefining \sffamily on input line 176.
LaTeX Info: Redefining \ttfamily on input line 176.
LaTeX Info: Redefining \rmfamily on input line 176.
LaTeX Info: Redefining \sffamily on input line 176.
LaTeX Info: Redefining \ttfamily on input line 176.
LaTeX Info: Redefining \rmfamily on input line 176.
LaTeX Info: Redefining \sffamily on input line 176.
LaTeX Info: Redefining \ttfamily on input line 176.
LaTeX Info: Redefining \rmfamily on input line 176.
LaTeX Info: Redefining \sffamily on input line 176.
LaTeX Info: Redefining \ttfamily on input line 176.
LaTeX Info: Redefining \rmfamily on input line 176.
LaTeX Info: Redefining \sffamily on input line 176.
LaTeX Info: Redefining \ttfamily on input line 176.
LaTeX Info: Redefining \rmfamily on input line 176.
LaTeX Info: Redefining \sffamily on input line 176.
LaTeX Info: Redefining \ttfamily on input line 176.
LaTeX Info: Redefining \rmfamily on input line 176.
LaTeX Info: Redefining \sffamily on input line 176.
LaTeX Info: Redefining \ttfamily on input line 176.
LaTeX Info: Redefining \rmfamily on input line 176.
LaTeX Info: Redefining \sffamily on input line 176.
LaTeX Info: Redefining \ttfamily on input line 176.
LaTeX Info: Redefining \rmfamily on input line 176.
LaTeX Info: Redefining \sffamily on input line 176.
LaTeX Info: Redefining \ttfamily on input line 176.
LaTeX Info: Redefining \rmfamily on input line 176.
LaTeX Info: Redefining \sffamily on input line 176.
LaTeX Info: Redefining \ttfamily on input line 176.
LaTeX Info: Redefining \rmfamily on input line 176.
LaTeX Info: Redefining \sffamily on input line 176.
LaTeX Info: Redefining \ttfamily on input line 176.
LaTeX Info: Redefining \rmfamily on input line 176.
LaTeX Info: Redefining \sffamily on input line 176.
LaTeX Info: Redefining \ttfamily on input line 176.
LaTeX Info: Redefining \rmfamily on input line 176.
LaTeX Info: Redefining \sffamily on input line 176.
LaTeX Info: Redefining \ttfamily on input line 176.
LaTeX Info: Redefining \rmfamily on input line 176.
LaTeX Info: Redefining \sffamily on input line 176.
LaTeX Info: Redefining \ttfamily on input line 176.
LaTeX Info: Redefining \rmfamily on input line 176.
LaTeX Info: Redefining \sffamily on input line 176.
LaTeX Info: Redefining \ttfamily on input line 176.
LaTeX Info: Redefining \rmfamily on input line 176.
LaTeX Info: Redefining \sffamily on input line 176.
LaTeX Info: Redefining \ttfamily on input line 176.
LaTeX Info: Redefining \rmfamily on input line 176.
LaTeX Info: Redefining \sffamily on input line 176.
LaTeX Info: Redefining \ttfamily on input line 176.
LaTeX Info: Redefining \rmfamily on input line 176.
LaTeX Info: Redefining \sffamily on input line 176.
LaTeX Info: Redefining \ttfamily on input line 176.
LaTeX Info: Redefining \rmfamily on input line 176.
LaTeX Info: Redefining \sffamily on input line 176.
LaTeX Info: Redefining \ttfamily on input line 176.
LaTeX Info: Redefining \rmfamily on input line 176.
LaTeX Info: Redefining \sffamily on input line 176.
LaTeX Info: Redefining \ttfamily on input line 176.
LaTeX Info: Redefining \rmfamily on input line 176.
LaTeX Info: Redefining \sffamily on input line 176.
LaTeX Info: Redefining \ttfamily on input line 176.
LaTeX Info: Redefining \rmfamily on input line 176.
LaTeX Info: Redefining \sffamily on input line 176.
LaTeX Info: Redefining \ttfamily on input line 176.
LaTeX Info: Redefining \rmfamily on input line 176.
LaTeX Info: Redefining \sffamily on input line 176.
LaTeX Info: Redefining \ttfamily on input line 176.
LaTeX Info: Redefining \rmfamily on input line 176.
LaTeX Info: Redefining \sffamily on input line 176.
LaTeX Info: Redefining \ttfamily on input line 176.
LaTeX Info: Redefining \rmfamily on input line 176.
LaTeX Info: Redefining \sffamily on input line 176.
LaTeX Info: Redefining \ttfamily on input line 176.
LaTeX Info: Redefining \rmfamily on input line 176.
LaTeX Info: Redefining \sffamily on input line 176.
LaTeX Info: Redefining \ttfamily on input line 176.
LaTeX Info: Redefining \rmfamily on input line 176.
LaTeX Info: Redefining \sffamily on input line 176.
LaTeX Info: Redefining \ttfamily on input line 176.
LaTeX Info: Redefining \rmfamily on input line 176.
LaTeX Info: Redefining \sffamily on input line 176.
LaTeX Info: Redefining \ttfamily on input line 176.
LaTeX Info: Redefining \rmfamily on input line 176.
LaTeX Info: Redefining \sffamily on input line 176.
LaTeX Info: Redefining \ttfamily on input line 176.
LaTeX Info: Redefining \rmfamily on input line 176.
LaTeX Info: Redefining \sffamily on input line 176.
LaTeX Info: Redefining \ttfamily on input line 176.
 [16

]
LaTeX Info: Redefining \rmfamily on input line 176.
LaTeX Info: Redefining \sffamily on input line 176.
LaTeX Info: Redefining \ttfamily on input line 176.
LaTeX Info: Redefining \rmfamily on input line 176.
LaTeX Info: Redefining \sffamily on input line 176.
LaTeX Info: Redefining \ttfamily on input line 176.
LaTeX Info: Redefining \rmfamily on input line 176.
LaTeX Info: Redefining \sffamily on input line 176.
LaTeX Info: Redefining \ttfamily on input line 176.
LaTeX Info: Redefining \rmfamily on input line 176.
LaTeX Info: Redefining \sffamily on input line 176.
LaTeX Info: Redefining \ttfamily on input line 176.
LaTeX Info: Redefining \rmfamily on input line 176.
LaTeX Info: Redefining \sffamily on input line 176.
LaTeX Info: Redefining \ttfamily on input line 176.
LaTeX Info: Redefining \rmfamily on input line 176.
LaTeX Info: Redefining \sffamily on input line 176.
LaTeX Info: Redefining \ttfamily on input line 176.
LaTeX Info: Redefining \rmfamily on input line 176.
LaTeX Info: Redefining \sffamily on input line 176.
LaTeX Info: Redefining \ttfamily on input line 176.
LaTeX Info: Redefining \rmfamily on input line 176.
LaTeX Info: Redefining \sffamily on input line 176.
LaTeX Info: Redefining \ttfamily on input line 176.
LaTeX Info: Redefining \rmfamily on input line 176.
LaTeX Info: Redefining \sffamily on input line 176.
LaTeX Info: Redefining \ttfamily on input line 176.
LaTeX Info: Redefining \rmfamily on input line 176.
LaTeX Info: Redefining \sffamily on input line 176.
LaTeX Info: Redefining \ttfamily on input line 176.
LaTeX Info: Redefining \rmfamily on input line 176.
LaTeX Info: Redefining \sffamily on input line 176.
LaTeX Info: Redefining \ttfamily on input line 176.
LaTeX Info: Redefining \rmfamily on input line 176.
LaTeX Info: Redefining \sffamily on input line 176.
LaTeX Info: Redefining \ttfamily on input line 176.
Package polyglossia Info: Option: Hebrew, numerals=arabic.
Package polyglossia Info: Option: Hebrew, calendar=gregorian.
 [17] (./main.aux)
 ***********
LaTeX2e <2023-11-01> patch level 1
L3 programming layer <2024-01-22>
 ***********
Package rerunfilecheck Info: File `main.out' has not changed.
(rerunfilecheck)             Checksum: 891BE19D7A9B04D55AD1D67B20376DAE;7562.
Package logreq Info: Writing requests to 'main.run.xml'.

\openout1 = main.run.xml
)

Here is how much of LuaTeX's memory you used:
 22384 strings out of 476553
 125054,1977958 words of node,token memory allocated
 1148 words of node memory still in use:
   6 hlist, 2 vlist, 2 rule, 61 dir, 2 glue, 4 kern, 1 glyph, 77 attribute, 67 g
lue_spec, 77 attribute_list, 1 write nodes
   avail lists: 1:1,2:907,3:407,4:102,5:717,6:109,7:5851,8:64,9:465,10:10,11:411

 43869 multiletter control sequences out of 65536+600000
 66 fonts using 32928655 bytes
 79i,9n,89p,990b,3316s stack positions out of 10000i,1000n,20000p,200000b,200000s
</mnt/c/Windows/Fonts/ariali.ttf></mnt/c/Windows/Fonts/arialbd.ttf></mnt/c/Windo
ws/Fonts/arial.ttf></usr/share/texlive/texmf-dist/fonts/type1/public/amsfonts/cm
/cmex10.pfb></usr/share/texlive/texmf-dist/fonts/type1/public/amsfonts/cm/cmmi12
.pfb></usr/share/texlive/texmf-dist/fonts/type1/public/amsfonts/cm/cmmi6.pfb></u
sr/share/texlive/texmf-dist/fonts/type1/public/amsfonts/cm/cmmi8.pfb></usr/share
/texlive/texmf-dist/fonts/type1/public/amsfonts/cm/cmr12.pfb></usr/share/texlive
/texmf-dist/fonts/type1/public/amsfonts/cm/cmr8.pfb></usr/share/texlive/texmf-di
st/fonts/type1/public/amsfonts/cm/cmsy10.pfb></usr/share/texlive/texmf-dist/font
s/type1/public/amsfonts/cm/cmsy8.pfb>
Output written on main.pdf (18 pages, 349523 bytes).

PDF statistics: 377 PDF objects out of 1000 (max. 8388607)
 327 compressed objects within 4 object streams
 88 named destinations out of 1000 (max. 131072)
 233 words of extra memory for PDF output out of 10000 (max. 100000000)

